driverId,name,ssn,location,certified,wage-plan
10,Lisa Black,591-29-9509,"36898 Owen Falls
Turnerberg, NM 10972",Y,miles
11,Sandra Johnson,713-93-4226,"USNS Smith
FPO AA 91415",Y,miles
12,Justin Campbell,766-22-6311,"57916 Kelly Center
Woodsfort, SC 28837",Y,hours
13,Juan Vance,043-69-3899,"6036 Martinez Isle Suite 368
Kellytown, WI 95137",N,miles
14,Andrew Strong,875-22-8725,"3440 Christy Field
Kristinaview, WY 90304",Y,hours
15,Austin Warner,258-51-1878,"550 Burch Crescent Suite 045
Williamsland, DC 79738",N,hours
16,Maria Thompson,669-20-7632,"72994 Jessica Circle Apt. 765
Travisport, DC 85727",N,hours
17,Blake Robinson,078-10-4045,"9824 Benjamin Square Apt. 454
South Sandra, ID 62175",N,miles
18,Jennifer Webb,828-60-4166,"4954 Alvarado Spurs
Powellfurt, MD 51065",Y,hours
19,Kyle Clark,520-93-7534,"85733 Casey Flat
Morganhaven, CO 88371",N,hours
20,Carlos King,160-52-4587,"USNV Anderson
FPO AE 71702",Y,hours
21,Stacey Benson,817-47-0420,"119 Tammy Pass Apt. 856
New Dawnside, WI 30809",N,hours
22,Devon Harrison,015-71-1279,"5659 Ryan Ways
Port John, PW 93434",N,miles
23,Nicholas Cooper,367-81-4168,"5344 Donald Rest
North Kevin, OH 90075",Y,miles
24,Kayla Lewis,563-10-4848,"222 Hubbard Junctions Apt. 635
West Kennethfort, VI 80706",N,miles
25,Steven Jimenez,320-75-2612,"675 Moore Route
Santosberg, ME 39947",N,hours
26,Jessica Simmons,585-44-8244,"895 Vaughn Valleys
Atkinsonbury, NJ 75374",Y,miles
27,Brandon Pierce,551-89-4063,"2292 Monica Ferry Apt. 223
Reedside, GA 96900",N,miles
28,Amanda King,409-15-5836,"USCGC Richmond
FPO AA 63001",N,miles
29,Stephanie Brewer,277-15-7678,"0627 Rollins Ferry
Lake Jesusport, NE 18492",Y,miles
30,Karen Ball,862-35-0699,"PSC 9800, Box 4191
APO AP 19233",N,hours
31,Richard Daniels,550-94-2762,"163 Erickson Valleys Apt. 641
Lake Williamshire, NY 61618",Y,miles
32,Michael Walker,189-16-4843,"37241 Maria Spur
Thomasfort, PR 18967",N,miles
33,Nina Rodriguez,186-25-8343,"2308 Phillips Well Apt. 844
New Michael, MT 30030",N,miles
34,Yvonne Wood,822-20-2353,"537 Wyatt Land
Aliciamouth, RI 63732",N,miles
35,Lori Brock,790-48-4680,"91365 Jared Center
Emilybury, WI 84806",N,hours
36,Marcia Higgins,715-96-3298,"39383 Michael Fort Apt. 378
Richardsonfurt, MS 06856",N,hours
37,Haley Garcia,141-74-9796,"331 Kevin Isle Apt. 570
Port Austin, UT 32172",N,miles
38,Lori Hodges,438-22-9987,"52260 Ray Station Apt. 252
East Jeffreyfort, NV 01876",N,miles
39,Timothy Roach,121-36-6353,"2268 Stephanie Port Apt. 618
Davisland, VT 74178",Y,hours
40,Tracie Ayala,762-08-0046,"02213 Tanner Crossing
Port Michael, MI 25458",Y,miles
41,Mary Frederick,645-86-8630,"67341 Danielle Turnpike Apt. 849
East Susan, MH 19663",Y,hours
42,Angela Garcia,404-46-8164,"388 Craig Course Apt. 616
Port Jonathan, FM 56834",N,hours
43,Kayla Ortega,399-64-1215,"394 Jesus Mountain Apt. 828
Williamsstad, WI 14803",N,hours
44,Amanda Wiley,701-95-6536,"8061 Cook Radial Suite 941
Codychester, WV 57979",N,miles
45,George Green,839-53-4657,"32562 Rogers Corners
South Ashley, SC 63764",Y,miles
46,Cody Pierce,323-84-3428,"43709 Kathy Burg Suite 331
East Ashleyton, NH 71970",Y,hours
47,Michael Rivera,806-37-3488,"262 Green Neck Apt. 824
Port John, NC 54422",N,miles
48,Crystal Curtis,481-39-5865,"552 Amy Knolls Apt. 862
Lake Ronald, MD 14340",Y,hours
49,Steven Weber DVM,800-61-4776,"0812 Bauer Valleys
East Robertbury, WY 47933",N,hours
50,Charles Hughes,845-79-6500,"12488 Nicholas Brook
Lake Kayla, GU 54785",N,miles
51,Christina Lyons,456-84-3570,"PSC 1011, Box 0133
APO AA 13485",Y,miles
52,Kara Guerrero,333-01-1016,"USCGC Archer
FPO AP 82931",Y,miles
53,Christopher Campbell,046-60-6565,"USNS Sanchez
FPO AA 75099",Y,miles
54,Matthew Turner,223-76-1064,"680 Cynthia Ranch Apt. 958
Millerton, SD 30218",Y,miles
55,Dakota Martin,395-49-3088,"98130 Emma Turnpike
Johnbury, WA 86794",Y,hours
56,Shelby Clark,817-83-8238,"033 Regina Course Apt. 291
Markmouth, WY 09009",N,hours
57,Jonathan Smith,002-97-0996,"8042 Ebony Manor
Lopezbury, HI 47655",Y,miles
58,Amanda Aguilar,846-17-1987,"1262 Brett Crest Suite 815
New Tara, WV 81348",Y,miles
59,Christina Le,689-39-7433,"65317 Burch Throughway Suite 436
Michaelville, VT 73316",Y,miles
60,Joyce Coleman,140-19-2146,"31415 James Ranch Suite 537
West Carl, TN 25901",Y,hours
61,Eric Fisher,739-75-1504,"0997 Combs Club
Campbellshire, VA 80039",N,miles
62,Ryan Bond,707-41-2496,"52667 Carol Park Suite 027
New Sean, KY 32434",Y,miles
63,Mr. Joshua Golden,833-23-8093,"0562 Brown Lodge
Katherineview, VA 72796",N,miles
64,Caitlin Cole,117-98-0493,"6622 Daniel Mission Apt. 930
Murphyland, DE 27493",N,miles
65,Joshua Salinas,431-46-8550,"4842 Stewart Wall
Ronaldhaven, ID 27290",Y,hours
66,Jeffrey Armstrong,627-77-1881,"147 Crystal Vista
Macdonaldstad, GA 34868",Y,miles
67,Diane Harris,740-78-0765,"4283 Scott Prairie
Davidtown, IA 99699",N,miles
68,Jaime Moore,177-08-7970,"5678 Sullivan Garden Suite 024
Penningtonview, MI 68316",Y,hours
69,Jodi Lawrence,664-13-2110,"77040 Deborah Union
West Michaelmouth, MS 91318",N,miles
70,Gabrielle Cochran,850-44-2696,"597 Alicia Pass
East Krystal, IN 64436",Y,hours
71,Debbie Torres,714-64-1113,"61598 Shaw Pike Apt. 158
Lake Matthew, UT 51051",N,hours
72,Jeffrey Middleton,809-06-6497,"65163 Nicole Junctions Apt. 976
Sandraport, OK 73245",Y,miles
73,Anthony Simon,518-41-2679,"606 David Oval
Port Marissa, GU 39573",N,miles
74,Cassandra Webb,019-53-3233,"11295 Nicole Street
Laceyside, GU 40485",N,hours
75,Shawn Frost,678-50-3858,"2080 John Shores Apt. 517
North Javierberg, AS 70167",Y,miles
76,Mrs. Emily Huerta,502-52-1372,"3283 Garcia Lights Suite 946
Lake Eddieton, MH 01705",N,miles
77,Lisa Mckenzie,510-41-8243,"17505 Henry Highway Apt. 827
Kimshire, CT 49228",N,miles
78,John Johnson,807-43-4657,"74109 Franklin Islands Apt. 620
Fordland, NH 71770",Y,miles
79,Robert Scott Jr.,027-30-3629,"305 Mitchell Prairie Suite 688
Gregorystad, WV 01288",N,hours
80,Timothy Russell,608-84-8161,"165 Martin Ridges Suite 661
Stevenhaven, MO 79429",N,miles
81,Jonathan Crawford,819-34-4049,"8763 Miller Shores Apt. 019
Lake Andrewmouth, NJ 44242",N,hours
82,Joann Fields,720-61-7978,"63580 Michael Shoal Suite 622
Jacksonmouth, HI 45285",N,miles
83,Sandra Murray,469-82-9833,"334 Jay Station
Torresborough, IL 44094",Y,miles
84,Heather Johnson,054-14-5647,"74833 Michael Loaf
Stephaniebury, AZ 49565",Y,hours
85,Linda Ibarra,072-54-7543,"0924 Kelly Canyon
South Jenniferstad, IA 21793",N,miles
86,Kristen Miller,633-13-4739,"14185 Murphy Ways Suite 118
Amybury, DC 03427",Y,miles
87,Mary Todd,575-31-5840,"850 Webb Junctions Suite 285
Lake Johnchester, VT 98693",Y,miles
88,Lucas Lopez,283-67-0193,"54482 Mills Village
Christinaland, MH 06091",N,miles
89,Angela Young,572-55-6548,"165 David Radial
West Kurtfurt, NM 18402",Y,miles
90,Jeffrey Phillips,200-80-1750,"4321 Hood Place Suite 092
Tommyland, TN 22652",N,miles
91,Diana Porter,100-98-9457,"19437 Ball Street Apt. 547
Brianburgh, RI 29387",N,hours
92,Kenneth Garrett MD,268-85-1703,"PSC 9528, Box 1745
APO AP 72950",N,miles
93,Amanda Day,880-35-6620,"1825 Corey Highway Apt. 193
Phillipton, PW 15019",Y,miles
94,William Williams,159-10-8531,"62407 Thomas Cape Apt. 782
Hamiltonburgh, PR 65070",Y,miles
95,Joshua Kramer,462-81-0030,"793 Jenkins Radial Suite 252
South Jamesfurt, CT 52056",Y,miles
96,Carrie Wilson,256-43-4648,"225 Lisa Estate Apt. 184
Clarkborough, IN 84547",N,miles
97,Jessica Evans,205-74-5148,"40100 Sean Corner
Lake Lori, PW 11792",N,hours
98,David Morris,737-09-3039,"40968 Palmer Neck Suite 696
Derrickfort, AZ 03836",N,miles
99,Brittany Garcia,481-66-9294,"175 Chris Dale Suite 125
Munozbury, MI 05424",N,hours
100,Gregory Brooks,116-18-0303,"54316 Robbins Harbor Suite 750
New Chadton, NC 15811",N,hours
101,Erica Mccarthy,316-33-3765,"44975 Whitaker Haven Suite 653
Lake Debbie, ID 72889",Y,miles
102,Steven Tran,732-47-1753,"1987 Davis Crossroad
West Jamestown, OR 94852",Y,miles
103,Tammy May,599-94-2954,"278 Smith Turnpike
Shannonmouth, MA 01229",Y,miles
104,Ryan Porter,285-58-6458,"985 Alan Forks
Nathanberg, CA 69218",N,miles
105,Rebecca Anderson,323-59-6683,"72913 Katherine Dam Apt. 096
West Jennifer, AR 78098",Y,miles
106,Juan Higgins,600-28-7682,"670 Jill Spurs
Scottburgh, OK 43689",Y,miles
107,Hannah Lewis,675-01-7887,"75109 Fisher Oval
Reedtown, OH 27305",Y,hours
108,Christine Gutierrez,355-91-6494,"81739 David Turnpike
Thompsonport, OH 65123",N,miles
109,Paula Koch,721-41-3749,"Unit 2721 Box 9102
DPO AA 71870",Y,hours
110,Cathy Stevens,809-39-4183,"527 Wheeler Stravenue
Jasonhaven, ND 31220",N,hours
111,Tracy Joseph,603-77-6130,"40854 Leslie Trail Suite 905
Johnton, PW 80182",N,miles
112,Brett Jackson,487-70-8854,"46772 Cortez Coves Apt. 900
Port David, RI 49990",N,hours
113,Kim Turner,120-96-9397,"7894 Sims Center
Wilsonmouth, OH 57932",N,hours
114,Emily Williams,541-39-4454,"978 Alexis Creek Apt. 794
West Barbara, MT 32077",N,miles
115,Katherine Patterson,568-95-6316,"2570 Lisa Circles
New Timshire, GA 35581",Y,hours
116,David Brooks,309-46-3832,"268 Garcia Light Suite 723
North Matthew, GU 80328",Y,hours
117,Shelby Snyder,787-98-5225,"05365 Scott Stravenue
Erinshire, TX 51039",N,miles
118,Perry Morris,840-41-8491,"3687 Veronica Well
Whiteberg, MH 77619",Y,miles
119,Katherine Brown,145-37-6751,"717 Cortez Gateway
West Diana, FL 34209",N,hours
120,Sarah Phelps,278-60-2072,"66066 Morgan Stream Apt. 393
North Robert, UT 14216",Y,miles
121,Tammy Silva,670-81-0582,"Unit 4749 Box 7114
DPO AA 86281",N,miles
122,Dylan Green,434-06-7323,"4236 Denise Station Suite 666
Marystad, NC 23573",Y,miles
123,Jodi Hester,631-26-3737,"45404 Jasmine Gateway
Yvonneborough, WV 00881",Y,hours
124,Tasha Wagner MD,607-39-8310,"3574 Boyer Lodge
Cruztown, GA 16240",N,miles
125,Brian Mason,219-69-6163,"1348 Kennedy Cape
North Maryview, SC 10391",Y,miles
126,Meredith Brewer,855-20-2168,"6775 Garcia Club Apt. 213
Jasonland, KS 52992",Y,hours
127,Vicki Scott,499-07-1717,"0519 Caleb Parkways Suite 469
Robinsonbury, IA 15107",Y,hours
128,Laura Ellison,694-69-3249,"Unit 1500 Box 4873
DPO AE 64609",Y,hours
129,Lawrence Chase,543-97-2514,"00835 James Manors
Cherylfurt, OR 61103",N,miles
130,Melissa Case,892-36-6706,"7926 Christian Inlet Apt. 552
Mitchellborough, NE 22556",Y,hours
131,Ronald Huff,231-64-2668,"94073 Thomas Key Suite 100
Port John, NC 96365",N,hours
132,Justin Snyder,400-73-7353,"337 Melissa Lock Suite 300
Vazquezfurt, ME 76060",Y,hours
133,Sheryl Cruz,239-42-8687,"0823 Amanda Locks Apt. 347
East Alan, NM 96243",N,hours
134,Norma Evans,320-50-0156,"9003 Crystal Square
Shepardton, MO 49291",N,miles
135,Maria Jacobs,196-91-0700,"12007 Joshua Port Suite 504
Lake Melanieborough, DE 93567",Y,miles
136,Kurt Chapman,263-49-8356,"34444 Johnson Park Suite 948
Taylorfort, NV 96229",N,miles
137,Susan Miller,111-06-4057,"2164 Robert Centers Apt. 341
Port Jeffreyburgh, CO 93090",Y,miles
138,Danielle Malone,091-98-6708,"Unit 9679 Box 2766
DPO AP 65184",N,miles
139,Melissa Shaffer,063-65-1399,"4190 Davidson Stream
New Veronica, CA 19817",Y,miles
140,Alyssa Hayes MD,412-03-4524,"6752 Kim Orchard
Parrishfurt, NE 98320",N,hours
141,Robert Arnold,339-05-4073,"7792 Crane Creek Apt. 239
West Ryanmouth, WV 43918",N,miles
142,Mr. Jacob Decker Jr.,661-14-1731,"1200 Catherine Haven Suite 131
Amandafort, CA 73019",Y,hours
143,Benjamin Hines,383-74-7372,"1258 Li Forks
West William, VI 73207",Y,miles
144,Andrew Dominguez,890-16-9317,"05463 Ortiz Center Apt. 191
East Anna, PR 47942",Y,hours
145,James Spears,643-17-8040,"44142 Rodriguez Divide
Lewisbury, NJ 37565",N,hours
146,Francisco Fox,099-51-0656,"33418 Allison Corners
Karenburgh, FL 13891",N,miles
147,Jennifer Ryan,309-88-5524,"6196 Ramirez Manor Suite 623
Smithport, SD 19160",Y,hours
148,Tracy Cooke,448-44-9585,"7664 Christine Station Apt. 570
Shepardland, CO 99901",Y,miles
149,Sarah Ibarra,787-25-0195,"PSC 9435, Box 0381
APO AP 37672",Y,miles
150,Dr. Jennifer Thompson DVM,570-43-6487,"08869 Austin Plains Suite 423
New Heather, RI 95957",N,hours
151,Anna Jones,153-21-6231,"67134 Vanessa Avenue
Jennifertown, VI 43091",Y,miles
152,Julie Lane,525-79-3120,"25118 Willis Via
Lake Christopherville, AL 78494",N,hours
153,Bruce Gomez,651-57-5155,"Unit 3262 Box 4649
DPO AP 00922",Y,hours
154,Ms. Elizabeth Marshall MD,357-77-4661,"4220 April Roads
Austinland, DC 06693",Y,miles
155,Cheryl Lopez,240-80-7673,"020 Michael Hollow
Blevinsfort, OK 22446",N,hours
156,Austin Davis,352-03-4078,"33879 Ryan Crescent Suite 579
Lake Ronald, NC 16113",Y,hours
157,Steven Wheeler,768-55-3076,"75480 Kathryn Inlet
Jacobhaven, OR 77915",Y,miles
158,Brandon Serrano IV,044-50-5890,"Unit 1401 Box 6349
DPO AA 87084",N,hours
159,Joshua Rogers,727-17-0813,"2052 Bryan Harbors
Port Richardport, NJ 26069",N,hours
160,Maurice Short,461-58-5869,"83235 Little Dale
Cynthiamouth, GA 87421",Y,miles
161,Kathryn Brown,822-50-2855,"93932 Carter Shoal Apt. 172
North Stevenville, IN 26031",N,miles
162,Heather Holmes MD,855-23-0267,"6438 Smith Bypass Apt. 740
Port Olivia, VA 49527",N,miles
163,Steven Herrera,366-34-8100,"Unit 3064 Box 4994
DPO AA 45223",N,miles
164,Joseph Johnson,751-17-3557,"1173 Chelsea Mill
East Richardchester, DE 62156",Y,hours
165,Lacey Cobb,862-40-9184,"409 Emily Field
Tammyfurt, CA 86528",N,hours
166,Maria Murphy,621-17-1352,"71665 Lewis Island Suite 613
North Karenland, ND 42126",Y,miles
167,Mary Scott,752-56-0330,"375 Henry Parks Apt. 315
New Ricardo, FM 06596",N,hours
168,Tracey Hall,059-70-4725,"3955 Rodriguez Plaza Apt. 510
East Robertstad, AZ 79461",Y,hours
169,Parker Stewart,821-62-6637,"Unit 0180 Box 6940
DPO AP 48079",Y,miles
170,Michael Jackson,762-77-6259,"557 Thomas Centers
Amandaport, DC 76059",Y,hours
171,Tina Thompson,371-35-3373,"378 Fuller Radial
New David, MN 35685",Y,hours
172,Mitchell Orozco,136-47-4988,"43277 Gonzalez Points Apt. 314
West Gordon, MT 11379",N,miles
173,Jennifer Johnson,549-59-8946,"9183 Christine Tunnel
Port Shannon, WV 33957",N,miles
174,Fernando Miller,100-47-6512,"PSC 5858, Box 8667
APO AA 78314",N,miles
175,Robert Morgan,113-85-9737,"928 Austin Plains
Lake Mary, AZ 63550",Y,hours
176,Haley Bryan,838-43-1608,"21820 Sarah Spurs
Michaelview, MI 61237",Y,miles
177,Kim Watkins,711-20-9073,"06545 Allen Island
Port Ashleymouth, AS 84004",Y,miles
178,Christina Sanders DVM,352-38-3894,"PSC 8264, Box 1838
APO AA 09463",Y,miles
179,Sheila Allen,122-03-1765,"4188 Christina Ways Suite 396
East Seanside, IL 51034",Y,hours
180,Blake Smith,013-21-6204,"363 Michael Keys Suite 934
East Williamton, FM 47731",Y,hours
181,Justin Ali,643-26-3013,"PSC 8760, Box 7330
APO AE 06418",N,hours
182,Troy Taylor,306-27-5494,"3812 Emily Dam
Angelaville, VT 02157",Y,miles
183,Adam Green,831-97-2114,"4791 Erika Turnpike Apt. 517
Orozcohaven, MO 05559",Y,miles
184,Rebecca Nguyen,134-66-3506,"09977 Jacob Avenue Apt. 687
South Bettychester, OH 68735",Y,miles
185,Christopher Weber,675-42-5654,"8855 Torres Isle Suite 830
West Laurenmouth, VT 05299",Y,miles
186,Raymond Green,070-03-3629,"14486 Linda Ramp Suite 628
South Jason, AZ 79237",Y,miles
187,Kayla Johnson,218-20-9964,"242 Ronald Spurs
Longview, GA 44635",Y,hours
188,David Crosby,676-55-7297,"199 Dominguez Glen
Lake Amandaport, HI 08730",N,hours
189,Dr. Jaime Peters MD,061-64-1649,"5922 Harris Ferry Apt. 108
Port Frank, ME 11388",N,hours
190,Zachary May,641-73-5519,"639 Melissa Village
Cochranburgh, IN 26234",Y,miles
191,Emily Smith,636-43-9149,"9037 Nancy Walk Apt. 063
North Brianland, KS 93830",Y,miles
192,Daniel Moore,393-17-0833,"87996 Samantha Track Suite 391
Oliverburgh, IA 15287",N,miles
193,Marissa Davidson,287-15-9138,"02110 Smith Mill
East Jean, ID 59326",N,miles
194,Jennifer Martin,105-75-6040,"Unit 4908 Box 0769
DPO AA 22661",N,hours
195,Charles Patrick,164-23-2608,"6643 Michael Extension
Lake Shannon, CA 70483",N,hours
196,Ellen Sullivan,205-39-6667,"3275 Sean Track Suite 676
Lake Steven, KS 31923",N,hours
197,Andrea Curtis,590-11-6520,"3226 Andrea Lodge
Pattersonhaven, PW 67818",Y,hours
198,James Carlson,290-46-5738,"403 Sandoval Cape
Johnfort, NV 36950",Y,hours
199,Richard Tucker,235-13-3042,"21921 Carol Common Apt. 328
Bellburgh, CO 18402",N,hours
200,Oscar Welch,084-11-1578,"15894 Michael Island
East Melanie, IA 65767",N,hours
201,Raymond Mcneil,852-91-1047,"USNS Kelly
FPO AA 74753",Y,hours
202,Anna Stafford,522-52-9566,"850 Henry Terrace
Haydenberg, GA 08228",Y,miles
203,Kim Allen,487-09-8574,"252 Zachary Crest Suite 046
West Jamesport, PR 62553",N,miles
204,Kylie West,153-90-5809,"211 Clark Rapids
Davidhaven, ID 61898",N,hours
205,Nicole Heath,355-74-3094,"75651 Leah Cape Apt. 181
Jodiville, NC 68527",Y,hours
206,Christina Simmons,426-52-0650,"3191 Julie Gardens Apt. 420
Port Kristina, TX 19158",N,miles
207,Mary Beltran,753-20-3870,"Unit 1816 Box 3822
DPO AP 70821",Y,miles
208,Janice Martin,489-28-1502,"22350 Miller Village Apt. 775
Christianton, OK 59703",N,hours
209,David Michael,810-85-8342,"0937 Eric Lane Suite 338
Lake Miguelview, WV 41666",N,hours
210,Gavin Walker,254-41-1918,"234 Jason Summit Apt. 606
Katelynberg, LA 92035",N,miles
211,Melissa Woods,232-79-4637,"84043 Lawson Mountains
Wendyland, NJ 72384",Y,hours
212,Jeremy Patrick,758-32-8978,"499 Karl Course Suite 302
East Timothystad, CT 68727",Y,hours
213,Zachary Rodriguez,889-32-5246,"13185 Martha Mission Suite 914
Jameschester, DC 10627",N,miles
214,Maria Estrada,339-11-3341,"2036 Simpson Flats Apt. 827
Salazarmouth, GA 41210",Y,hours
215,Ashley Nguyen,576-21-9504,"03407 Fitzpatrick Hill Apt. 339
North Tiffanyfurt, CT 12500",Y,hours
216,Jessica Wagner,053-91-7230,"800 Gregory Cliffs
South Stephenland, IL 72988",N,hours
217,Vincent Long,774-53-0939,"4687 Morris Oval
Elliottborough, OK 68155",Y,miles
218,Jeffery Cook,310-90-4791,"606 Ayers Forges Apt. 971
West Ronald, VI 61559",N,hours
219,Michael Rose,823-84-7103,"717 Brenda Groves
Michaelland, AK 92253",N,hours
220,Alexis Horton,581-26-5701,"478 Flores Alley Suite 119
Lunastad, NV 18144",N,miles
221,Mike Alexander,890-02-5336,"460 Nathan Glen
Troyberg, TN 60620",N,hours
222,Dawn Pham,831-29-7511,"188 Samantha Ville Apt. 596
Kevinberg, KS 75229",N,hours
223,Steven Weber,330-42-3908,"608 Kayla Mall
Kimberlytown, PR 37315",Y,miles
224,Nancy Berry,070-77-8348,"PSC 4834, Box 5049
APO AE 68287",N,miles
225,Noah Norman,771-79-0312,"05424 Nguyen Forest Suite 417
Larryport, KS 50470",Y,miles
226,Jean Olson,057-62-0181,"685 Freeman Place Suite 699
South Benjaminburgh, AL 54494",N,miles
227,Jason Alvarado,483-99-4865,"1423 Amy Circles Suite 436
Petersonfurt, ND 20361",N,hours
228,Brandon Gray,563-67-5447,"36305 Harrison Viaduct Apt. 659
West Crystalville, NH 95087",N,hours
229,John Logan,555-92-4583,"0476 Rivera Forges Suite 262
Davidstad, AK 93763",Y,miles
230,Donna Simmons,622-11-1465,"5347 Kevin Summit Apt. 447
Lewisborough, CO 28751",Y,miles
231,Matthew Griffin,875-03-5421,"Unit 8906 Box 7676
DPO AA 90083",Y,miles
232,Peter Hopkins,292-17-9120,"023 Victor Way
East Michaelstad, WA 49181",Y,miles
233,Steven Rojas,412-25-6785,"2283 Sullivan Prairie Suite 318
Lake Krystal, NJ 51866",N,hours
234,Randy Nguyen,705-18-8678,"31180 Gonzalez Drive
Nelsonchester, IL 99458",N,miles
235,Stacy Wade,238-17-8084,"7860 Paul Ridges Apt. 087
Port Michael, NJ 85070",N,miles
236,David Holland,555-63-1844,"34066 Carly Isle
Webbborough, AK 06538",Y,miles
237,Jennifer Benson,711-90-9508,"695 Stephen Course
West William, MH 11083",Y,hours
238,Austin Jones,096-73-5055,"351 Vanessa Glens Apt. 451
Nancyville, SD 31694",N,miles
239,Michael Johnson,523-36-9296,"1244 Martinez Fords Apt. 032
East Chrisville, OK 74535",N,miles
240,David Johnston,738-62-2121,"566 Marks Expressway Suite 701
West Amy, OH 04755",N,miles
241,Mrs. Mary Shah MD,418-77-7169,"USS Harris
FPO AP 11175",N,miles
242,Tammy Greene,380-99-4215,"665 Dixon Stravenue
New Donnatown, NY 56687",N,hours
243,Kristin Tate,612-51-8087,"5299 Joseph Harbor Suite 912
New Kristin, WY 26620",Y,hours
244,Alan Jones DVM,867-92-2955,"8415 Oliver Port
Fisherberg, MD 24888",Y,hours
245,Mckenzie Johns,382-47-5370,"50267 Perkins Estate Suite 673
Port Ianport, SC 14749",Y,hours
246,Zachary Edwards,770-49-0796,"48042 Wright Landing
West Michelle, VT 35119",Y,hours
247,Andres Garcia,669-19-8963,"86314 Strong Shores Apt. 122
East Angelamouth, UT 30365",Y,hours
248,Daniel Reed,893-53-8513,"1625 Hodge Manor
West Douglas, LA 55360",N,miles
249,Scott Higgins,068-94-3060,"79489 Alejandra Isle
Lake Wendyshire, UT 50071",N,hours
250,Ashley Armstrong,656-85-4578,"2081 Little Cliffs Suite 067
Jacobburgh, MD 59738",Y,hours
251,Anthony Wright,295-36-0729,"03401 Chavez Mills
Alexchester, WA 53234",Y,miles
252,Sarah Carpenter,892-15-2324,"PSC 2917, Box 2906
APO AA 51073",Y,hours
253,Amanda Moon,130-34-1430,"396 Devin Rest Suite 567
East Maryberg, NY 86196",N,miles
254,Robyn King,450-96-2378,"48986 Young Dale
North Juan, GA 64595",Y,miles
255,Ashley Miller,751-97-2304,"980 Morrison Ramp
North Tyler, GU 59634",Y,hours
256,Brenda Hayes,598-86-0324,"04613 Alvarez Dale
Kirbyburgh, NJ 90158",N,miles
257,Sandra Hughes,131-98-8698,"93261 Michael Extension Suite 989
Lake Theodore, ND 47347",N,hours
258,Megan Shaw,273-90-1517,"8292 Aaron Squares Suite 390
Kingview, MN 39380",N,hours
259,Lauren Adams,779-88-1911,"184 Jenna Avenue
New Timothy, TX 05608",N,miles
260,Miss Carol Marshall,492-50-5805,"03834 Chavez Stream Apt. 893
West Elizabeth, OK 87088",N,hours
261,Jon Brown,427-85-4278,"893 John Fort
Lake Angelamouth, NM 20822",Y,hours
262,Jeremy Bullock,068-17-1702,"69904 Rios Greens Apt. 722
Lake Jenniferbury, NE 14274",N,hours
263,Christopher Oconnell,367-47-9007,"2217 Kimberly Hill
Lake William, OK 80327",N,miles
264,Jeanette Gomez,850-19-9478,"9479 Matthew Flat Suite 555
Moniquefort, PW 45113",N,hours
265,Kevin Ballard,705-53-9778,"942 Sara Roads Apt. 702
Vickiestad, NE 47814",N,hours
266,Jamie Freeman,239-72-4218,"625 Christian Manor
New James, MA 25558",Y,hours
267,Chase Banks,101-17-5252,"15642 Alvarez Corners Apt. 711
Scottland, HI 22897",Y,miles
268,Carrie Johnson,409-56-7254,"482 Pruitt Court Suite 428
Terryburgh, IN 42877",Y,miles
269,Eric Parker,371-39-2963,"51815 Catherine Road
North Brian, CA 98543",N,miles
270,Christina Mendez,583-55-4319,"74044 Teresa Port Suite 148
South Jeffrey, OH 58810",Y,miles
271,Emily Williamson,462-29-5064,"94444 Erin Ville
Port Joanna, AK 02137",Y,hours
272,Amanda Gregory,770-45-8455,"3902 Nicholas Harbors
North Danielshire, MO 79897",Y,miles
273,Kimberly Marks,585-53-2670,"USNV White
FPO AA 12454",Y,hours
274,Jordan Lewis,341-70-5466,"024 Baker Villages
North Amyburgh, IN 71299",N,miles
275,Joshua Barnes,440-19-5939,"240 Stewart Stravenue
Dawnton, SD 96562",N,miles
276,Evelyn Braun,171-38-4914,"742 Miranda Mission
Larashire, TX 76915",Y,hours
277,Susan Higgins,891-47-7842,"021 Todd Cliff Apt. 607
Shannonville, MI 86314",N,miles
278,Heidi Howard,535-02-1637,"0979 Jack Ferry
Potterbury, TN 52923",Y,hours
279,Angela Ellis,469-96-8086,"10481 Sanchez Square Suite 528
North Barbaramouth, MP 94863",Y,hours
280,Katrina Savage,780-95-9856,"57603 Paige Lane Apt. 690
Lake Kellyborough, UT 96920",N,miles
281,Zachary Anderson,021-33-3416,"107 Hutchinson Causeway Suite 090
Edwardfort, GU 83816",Y,miles
282,Leslie Elliott,504-13-1681,"72168 Church Mission Apt. 945
South Jeff, PW 92635",N,miles
283,Leah Garza,474-07-2818,"3956 Robinson Views
North Christian, DE 30076",Y,miles
284,Malik Johnson,645-14-2763,"582 Jessica Rue Apt. 152
East Kaitlynton, AS 36528",N,hours
285,Mary Garcia,480-50-7719,"623 Robin Forges
Smithfort, ND 46677",N,miles
286,Michaela Brown,142-29-3226,"6675 Perry Locks
Collinston, MI 63337",Y,miles
287,Jason Graham,655-66-3577,"Unit 9842 Box 3850
DPO AA 88991",Y,miles
288,Thomas Rice,191-66-2672,"64541 Wilson Lane Apt. 332
Hinesfurt, DE 60094",Y,hours
289,Carl Porter,217-80-6586,"USS Wu
FPO AA 48167",Y,miles
290,Nathan Foley,124-30-1245,"USS Stevens
FPO AP 58589",N,hours
291,Todd Delgado,642-21-0166,"64150 Petersen Radial Apt. 870
Port James, SD 64765",Y,hours
292,Deborah Diaz,195-30-1244,"27840 Steele Mountain Suite 721
Port Emily, IA 01715",Y,hours
293,Rebecca Kennedy,893-65-3622,"Unit 6080 Box 7348
DPO AA 91255",N,hours
294,Nathan Mack,507-28-9392,"82611 Desiree Isle Suite 711
Lake Sydney, WA 16552",Y,hours
295,Kevin Jones,863-39-1825,"PSC 1119, Box 8616
APO AA 41764",Y,hours
296,Melanie Shaffer,238-33-9889,"5950 James Road Suite 922
Scottland, MS 45812",N,miles
297,Laura Flores,479-73-7761,"23410 Sullivan Club
New James, WV 34134",N,miles
298,Rebecca Lee,479-21-2842,"34005 Grant Club Apt. 286
Lake Crystaltown, HI 50486",N,hours
299,Nancy Cervantes,342-80-4786,"646 Anderson Crescent
South Jonathan, CT 39336",Y,miles
300,James Rivera,686-09-9028,"104 Helen Road
New Jessica, MT 82668",Y,miles
301,Scott Ford,895-45-1658,"Unit 5112 Box 8406
DPO AP 44770",N,miles
302,Priscilla Krueger,610-84-2631,"7753 David Lights Suite 729
West Hannahside, MN 11950",N,miles
303,Kristi Powell,726-10-0407,"43674 Ricardo Courts
North Ryan, ME 50586",N,miles
304,Kristen Brown,083-36-7318,"0222 Estes Cliff Suite 732
New Jenniferton, TX 46381",N,hours
305,Jamie Lewis,660-54-9867,"28178 Beasley Shoal
Valerieview, IA 34245",N,hours
306,Jamie Gonzales,164-78-4225,"1605 Bailey Stream
East Whitney, WA 67627",Y,miles
307,John Dean,635-28-1821,"09320 Julie Key
Port Matthewshire, VT 09216",N,miles
308,Timothy Phillips,424-41-5024,"PSC 6223, Box 7477
APO AP 67531",N,hours
309,Jennifer Burgess,028-06-0640,"5517 Suzanne Parkway
South Marvin, MI 23397",Y,hours
310,Kristin Estrada,147-36-1293,"545 John Estates
Melissamouth, NH 79084",Y,hours
311,George Gordon,512-12-8755,"USNS Ponce
FPO AA 50569",N,hours
312,Renee Mccarthy,761-59-3094,"88738 Michael Glens
Cheyennechester, AK 98319",Y,hours
313,Henry Torres,346-75-1254,"406 Paul Islands Apt. 731
Joehaven, MT 98807",Y,hours
314,Joseph Garcia MD,345-88-8169,"2761 Leah Rapids
Brendaview, WY 92141",N,hours
315,Jamie Reed,192-69-1603,"9400 Raymond Fort
New Aaron, VT 90318",Y,miles
316,Joshua Jefferson,241-84-8886,"2031 Harris Fork
New Shawnfurt, PA 47968",Y,miles
317,Kathy Smith,552-31-5990,"Unit 3174 Box 0882
DPO AE 49239",Y,hours
318,Carolyn Cole,364-59-3093,"88353 Strickland Street Apt. 181
Jenniferhaven, OK 11647",N,hours
319,Sean Davis,750-92-2679,"PSC 7759, Box 3750
APO AP 72498",N,miles
320,Christian Evans,150-23-5463,"4779 Carpenter Causeway Suite 873
Solisbury, MA 48811",Y,hours
321,Cindy Mullins,611-11-1253,"852 Wilson Squares Apt. 735
Moorefurt, PR 15326",N,hours
322,Peter Howard,324-18-0142,"99331 Short Squares Apt. 637
Elizabethbury, NM 33207",Y,miles
323,Tommy Mendoza,534-16-1130,"04318 Fuller Neck Suite 507
Barnesmouth, NY 23526",Y,miles
324,Tanya Sutton,620-88-4002,"572 Edwin View Suite 751
Jacquelineborough, FL 71324",N,miles
325,Sarah Hoover,053-88-5599,"904 Abigail Plaza Apt. 783
East Jamesfort, OR 92881",Y,hours
326,Diane Spears,813-20-5649,"009 Gay Corners Apt. 659
Singhtown, VT 27419",Y,miles
327,Diana Williams,092-13-6806,"024 William Road
Cristinaland, OR 24552",N,miles
328,Christian Watson,486-01-8152,"USNV Young
FPO AP 64075",Y,miles
329,Amber Wright,471-36-1855,"Unit 2728 Box 4248
DPO AA 40547",Y,miles
330,Jeremiah Wolf,459-80-0840,"PSC 8534, Box 1778
APO AP 50271",N,miles
331,Samantha Cross,425-46-1759,"6979 Roth Ridges
Kariberg, PW 56935",Y,miles
332,Joseph Williams,302-69-9131,"4833 Holland Crescent Suite 991
Floreshaven, ID 17325",N,hours
333,Douglas Robinson,844-61-7277,"80278 Denise Streets
New Jacqueline, WA 64002",N,hours
334,Amy Chavez,366-13-9195,"801 Zimmerman Curve
Port Dustinstad, WV 87820",Y,miles
335,Samuel Mcdonald,458-45-4652,"394 Chad Squares Suite 939
Williamsport, OK 99641",Y,hours
336,Aaron Norris,320-08-7639,"840 Travis Burg
Jenniferberg, NH 10709",N,hours
337,Caitlin Jenkins,638-55-5727,"1664 Taylor Inlet
Wallacehaven, WV 00641",Y,hours
338,Ronnie Nicholson,396-46-6216,"USCGC Rodriguez
FPO AE 75019",N,hours
339,Daniel Sanchez,765-61-0231,"PSC 7579, Box 0603
APO AA 97792",N,hours
340,Tina Miller,583-41-2081,"08306 Moran Drives
Torresport, NM 87242",Y,miles
341,Jordan Campbell,800-93-6344,"84665 Ayers Hollow
West Davidbury, CA 53888",Y,hours
342,Bradley Hopkins,541-08-1835,"6966 Smith Valley
Cardenasfort, LA 25861",Y,miles
343,Melissa Simpson,044-99-1399,"210 Perez Glens
Stevensland, OR 08761",Y,miles
344,Gabrielle Collins,636-14-1072,"45716 Ryan Trail
Lake Wendyton, WV 90991",N,miles
345,Gregory Brooks,293-11-7735,"0763 Chase Falls Apt. 975
North Jacksonport, ID 94152",Y,hours
346,Jessica Ortiz DVM,391-29-7594,"321 Charles Park
Port Janiceburgh, WA 54342",Y,miles
347,Scott Garcia,818-88-0717,"55221 Crane Court Apt. 697
New Kyleside, WA 65603",Y,hours
348,Brandon James,431-61-3198,"90684 Donna Course
Adamhaven, GA 94071",Y,hours
349,Sydney Martinez,414-59-0834,"2149 Romero Fort
Wilsonton, CA 30066",N,miles
350,Kelli Lewis,605-81-1050,"284 Ashley Cliff
Lake Charles, AL 15441",N,miles
351,Jacob Wise,720-06-6973,"4405 Sexton Junction
North Shannonfort, TN 23970",Y,miles
352,Christina Waller,342-82-4890,"38780 Ramirez Row Suite 317
Sarahmouth, IN 67664",Y,hours
353,Ronald Rodriguez,819-77-3954,"9098 Ashlee Flat
South Susanview, UT 15447",N,hours
354,Morgan Lewis,663-87-2722,"957 Katherine Forks
North Edwardton, PR 36321",N,miles
355,Kaitlyn Clark,562-72-8259,"119 Ward Throughway Apt. 392
South Christophershire, AR 37470",Y,miles
356,Brandon Sparks II,229-75-6808,"041 Michael Mountains
Riverafort, SD 63367",N,miles
357,Andrew Hayes,375-96-7543,"7330 Oscar Creek
Scottchester, CA 41143",Y,hours
358,Jeffrey Guzman,508-66-1437,"USNS Hansen
FPO AP 08664",Y,hours
359,Jon Jones,094-54-1969,"758 Steven Way Suite 588
Myerstown, MS 99042",N,hours
360,Bobby Cruz,316-82-1758,"94100 Daniel Prairie Suite 920
Millerbury, IL 04991",Y,miles
361,Jane Cooper,770-19-2557,"743 Kendra Court Apt. 896
Lake Roberto, VA 81136",Y,miles
362,Glenn Blevins,240-54-1029,"5574 Brown Extensions
Josephfurt, SC 30301",Y,hours
363,Brandi Hines,015-38-2170,"77091 Williamson Prairie Suite 430
Houseville, WI 81349",Y,hours
364,Cassandra Duran,813-43-4646,"63443 William Views
Josephhaven, OK 74382",Y,miles
365,Allison Clark,386-88-6354,"850 Eugene Road
East Scott, NH 38825",N,miles
366,Alexis Graham,661-21-8711,"6923 Dougherty Course Apt. 561
Brendaside, NY 47732",N,hours
367,Jared Mason,465-23-8027,"6586 Hogan Canyon
South John, KY 69947",N,hours
368,Melissa Tapia,730-11-6488,"0154 Morgan Mountain Suite 533
Jonesfort, CT 21715",Y,hours
369,Mark Moore,611-55-8772,"0846 Perez Creek
West Markborough, WI 12347",Y,miles
370,Samuel Patterson,514-64-1436,"07401 Jeffrey Cliffs Suite 471
Websterland, DE 19272",Y,miles
371,Ricky Wheeler,800-90-7921,"0716 Romero Greens
Bakerbury, SC 84811",Y,miles
372,David Kerr,265-74-9501,"3626 Peter Forge
Warrenbury, NH 99807",N,hours
373,Diana Cowan,551-66-8564,"0778 Matthew Light Suite 387
West Michaelside, WA 33451",N,hours
374,Andrea Schaefer,056-44-0997,"5367 Timothy Groves
Michaelshire, MT 80395",N,miles
375,Evan Mooney,466-85-7152,"01990 Campbell Rapid
Robertsmouth, MD 56180",N,miles
376,Natalie Thomas,846-01-7557,"Unit 0152 Box 5859
DPO AE 22474",N,miles
377,Francisco Ruiz,771-60-9171,"226 Barnett Unions
East Paulfurt, AL 78922",Y,hours
378,William Newton,289-36-1257,"14338 Devin Hill
Brianfurt, MI 32360",N,miles
379,Susan Miller,548-99-6144,"526 Megan Knoll
North Michaelmouth, IL 91306",N,hours
380,Stacy Terrell,478-84-1599,"2816 James Lodge Suite 751
Reynoldsbury, SC 40568",Y,miles
381,Jacob Walton DVM,331-83-6925,"0518 Roberts Forge
Jonesbury, PW 45498",N,hours
382,Aaron Sims DDS,326-33-4992,"72052 Cohen Well Suite 512
North Sharon, AZ 27854",Y,miles
383,Christopher Simon,210-40-9702,"30514 Finley Squares Apt. 836
Karenhaven, PW 57153",Y,hours
384,Natasha Potts DDS,710-80-9571,"38753 Gregory Burg Suite 455
Gabriellehaven, NH 45777",Y,hours
385,Kimberly Brown,231-51-8840,"63551 Ferguson Groves
South Charleneshire, MI 34304",Y,hours
386,Susan Alvarez,153-10-9595,"92678 Margaret Ports Apt. 176
Bondland, SD 72692",Y,miles
387,Timothy Vasquez,295-58-3170,"60805 Gregory Spring
Vasquezview, NV 08369",Y,hours
388,Christopher Washington,203-57-9293,"326 Hensley Glen
Guerreroville, MI 42775",Y,miles
389,Kenneth Hernandez,740-88-4871,"187 Jonathan Place
Evansside, NC 78337",Y,hours
390,Tony Montoya,805-76-8478,"1219 John Extensions Apt. 310
Hernandezland, NH 21483",N,hours
391,Alec Alexander,102-06-6093,"6648 Kevin Walks Suite 313
New Cory, NH 91956",N,miles
392,Daniel Carr,353-93-0664,"16622 Soto Fields
Port Jenniferfurt, GU 44047",N,miles
393,James Williams,791-05-0177,"33419 Isaac Light Apt. 279
West Michael, CA 57831",Y,miles
394,Amanda Pennington,420-48-7001,"90773 White Dam Suite 596
North Heather, NY 85491",Y,miles
395,Emily Mills,168-73-9775,"63172 Copeland Coves Suite 773
East Donaldland, ND 90829",N,miles
396,Shawn Evans,777-75-8477,"843 Christopher Summit Suite 417
Lake Anne, ID 97176",Y,miles
397,Jesse Smith,134-21-8636,"69423 Walker Brooks Suite 045
Port Paulaberg, NV 42657",Y,hours
398,Alexander Wong,215-11-6279,"432 Dillon Ford Suite 565
West Anitatown, AS 04947",Y,miles
399,Ms. Sheri Baker,087-15-3051,"49590 Gene Bridge Suite 012
Austinshire, AR 70075",Y,miles
400,Austin Sims,376-78-1945,"272 Strong Ways Suite 768
Colonborough, SC 56818",Y,miles
401,Brian Wise,683-02-7189,"137 Diane Drive Apt. 118
Porterport, KY 86321",N,hours
402,Daniel Keith,273-81-2579,"3875 Stout Trace
Smithtown, WI 67275",Y,miles
403,Taylor Warren,528-25-7401,"985 Erika Point
New Cathy, NY 15515",N,miles
404,Danielle Watkins,209-80-3311,"98493 Smith Plaza Apt. 123
Maryville, ID 85976",Y,miles
405,Derek Whitaker,825-27-4739,"04396 Powell Flats Suite 505
Port Chelsea, MD 32862",N,miles
406,Samantha Andrews,312-27-7919,"872 Crystal Haven
Port Andrewmouth, AK 86400",N,hours
407,Miss Julie Vaughn MD,890-33-5324,"67262 Kenneth Rest Apt. 069
West Melissa, AS 32044",Y,hours
408,Michael Wright,360-77-0510,"3673 Aaron Ways Apt. 675
Bethanyburgh, OR 93363",Y,miles
409,Darren Scott,173-76-0447,"6950 Smith Divide
Lake Calvinville, RI 76863",N,miles
410,Randy Beck,737-03-8229,"996 Juan Shore
North Amandachester, MS 28713",Y,miles
411,Terry Dawson,071-12-8470,"66976 Larson Locks Apt. 920
New Ricardo, ID 68870",Y,hours
412,Daniel Roach,098-72-3052,"277 Taylor Fort Apt. 593
North Reginatown, FM 72243",N,hours
413,Daniel Marks PhD,175-91-9552,"62739 Martinez Fort Apt. 367
West Shannonberg, VI 94494",N,miles
414,Susan Johnston,359-85-1291,"USNV Barnett
FPO AA 59122",N,miles
415,Megan Grant,216-96-0071,"659 Meza Square Apt. 142
Port Morganbury, ID 78878",Y,hours
416,Mary Palmer,492-17-8354,"816 Santiago Shore
Hammondmouth, MO 24714",N,miles
417,Michael Miller,248-34-6784,"06758 Michael Road
Nancyburgh, TX 51819",Y,miles
418,Mark Navarro,606-59-5022,"56981 Tonya Place
East Robert, PA 26812",Y,hours
419,Pamela Winters,718-57-1607,"3414 Jacob Wall Apt. 502
Danielside, MT 13103",Y,hours
420,Kimberly Kidd,468-76-2008,"91787 Pearson Neck
South Patrick, OH 71781",N,hours
421,Rachael Ruiz,311-37-6843,"78580 Troy Pass Apt. 142
Schroederfurt, MP 85367",Y,miles
422,Noah Morales,863-88-7015,"PSC 2750, Box 3348
APO AE 79754",N,hours
423,Justin Hendricks,119-69-3727,"6070 Schneider Divide
South Brittany, GA 51053",Y,hours
424,Kristen Kelley,068-37-6562,"680 Swanson View
West Vanessa, MD 97257",Y,miles
425,Patricia Swanson,162-36-7466,"385 Jessica Highway Apt. 613
Reyesside, MI 36364",Y,miles
426,Angela Webster,029-23-5994,"44843 Stout Vista Apt. 439
Dawnfurt, GA 63083",Y,miles
427,Carlos Banks,231-76-8173,"009 Montoya Freeway Suite 934
Keithborough, PW 36892",Y,miles
428,Cody Gardner,445-55-4059,"756 Nathaniel Isle Suite 048
Port Peterchester, OK 61162",N,hours
429,Martin Wells,441-24-4828,"064 Cochran Squares
Port Sandraport, DC 38154",N,hours
430,Amanda Sanchez,612-22-9545,"PSC 3502, Box 4239
APO AP 73885",Y,hours
431,Rose Bowers,140-53-3359,"430 Kevin Valley Suite 767
Cristianton, ME 92602",Y,miles
432,Teresa Weaver,361-10-4610,"786 Christopher Hollow Suite 186
Jonesbury, NH 28744",N,hours
433,Christopher Evans,445-53-5195,"69072 Samuel Pike Apt. 583
Jacksonville, MO 55221",Y,hours
434,Russell Sanchez,151-83-1401,"98035 Foley Cliff
New Kathy, WY 90187",Y,hours
435,Donald Obrien,130-76-5661,"3903 Denise Inlet
Scottburgh, DC 23269",Y,miles
436,Jason Gray,066-30-4293,"PSC 9127, Box 4789
APO AE 59641",N,miles
437,Karen Wagner,203-74-5433,"461 Melendez Rest
West David, IA 86612",Y,hours
438,Walter Lyons,584-41-7749,"3218 Dennis Mall
Whiteberg, FM 90352",Y,hours
439,Robert Martinez,408-77-2219,"056 Jean Lane Apt. 199
South Toniton, NV 77881",Y,miles
440,Shannon Reeves,126-17-3860,"4163 Erin Locks
North Karenmouth, MP 90584",N,hours
441,Alan Powell,093-02-0733,"629 Michael Summit
Joshuaborough, NC 88454",N,hours
442,Jack Olsen,350-94-5213,"1540 Maria Course Apt. 340
Robinstad, KS 12286",N,hours
443,Cheyenne Young,602-63-4687,"9149 Ryan Extension
South Connie, AL 11594",N,hours
444,Carmen Gonzalez,389-50-7285,"67295 Wiley Lane
Johnland, MS 11503",Y,hours
445,Jeffrey Bell,832-58-3651,"53565 Kelly Throughway Suite 337
North Christopherside, MA 28500",Y,hours
446,Diane Aguilar,803-25-0915,"183 Michael Rapid
Kinghaven, OK 49073",Y,hours
447,Joseph Washington,466-70-2514,"0762 Johnston Walk
Richardsonland, PR 01337",Y,hours
448,Wyatt Shepard,487-49-3901,"95735 Angel Loaf
Lake Samanthamouth, OR 49660",Y,hours
449,David James,634-56-5106,"2819 Mann Springs
Wilsonberg, OH 34126",N,hours
450,Corey Cunningham,887-55-1311,"56458 Deborah Path Apt. 091
Littleberg, VI 01491",N,miles
451,Catherine Roberson,110-08-3936,"0946 Joshua Via
Johnburgh, CT 35904",Y,miles
452,Thomas Cooley,870-71-8912,"21467 Scott Cliff Suite 034
Hendersonberg, DE 36680",N,hours
453,Marissa Sullivan MD,213-33-1379,"9055 Pollard Keys Suite 111
Randyshire, AZ 24383",N,miles
454,John Soto,317-32-8943,"68823 Powers Shores Suite 786
Grantfurt, MA 97776",Y,miles
455,Andrew Meadows,152-90-4731,"36861 Christopher Unions
Phillipsside, TX 09790",N,miles
456,Daniel Weaver,027-33-7764,"77674 Nathaniel Forest Apt. 194
East Kelseyville, MD 59422",Y,miles
457,Lauren Lee,868-68-5628,"0433 Kathryn Roads
Fitzgeraldfurt, DE 02176",Y,hours
458,Marc Estrada,621-33-3820,"87057 Robert Neck Apt. 136
Elizabethhaven, WA 27922",Y,hours
459,Jacob Love,113-18-2891,"309 Joseph Forge Suite 654
South Samantha, VT 40757",Y,hours
460,Daniel Garcia,276-55-6227,"390 Rivera Land
Nathanside, MS 86957",Y,hours
461,Rachel Taylor,527-12-7164,"15526 Burch Pines
Matthewborough, MT 80051",N,miles
462,Brian Adams,034-78-5022,"3352 Parker Stream
Kellyside, OR 00763",Y,hours
463,David Fitzpatrick,316-36-2666,"75927 Fisher Throughway
Aaronside, DC 36777",N,hours
464,Dalton Garcia,224-15-7571,"053 Jose Neck Apt. 505
Calderonfort, GA 00934",Y,miles
465,Steven Gamble,572-26-1448,"78902 Stout Run Suite 519
North Jenna, AL 32794",Y,miles
466,Sara Wilson,436-49-2340,"56875 Geoffrey Brook
Lake Annland, AR 83719",Y,miles
467,Donald Allen,689-71-5567,"47679 Kathy Run
Kellerburgh, MP 43192",N,miles
468,Grant Sullivan,251-48-9363,"667 Jenkins Plains
West Diane, AK 14983",N,miles
469,Jessica Cruz,616-02-6502,"04450 Watts Terrace Suite 196
Donnastad, MS 27906",Y,miles
470,Christian Murillo,271-90-6095,"36734 Casey Squares
West Chrisland, MO 31865",N,miles
471,Ashley Graves,805-94-0336,"44919 Chelsea Trace Suite 753
East Ianburgh, NE 74823",Y,miles
472,James Lopez,863-73-6201,"9725 Edwards Parks Apt. 424
Henrystad, NM 61711",Y,hours
473,Melissa Holland,586-82-9064,"94284 Mitchell Walk
Danielhaven, LA 24124",N,hours
474,Brent Thompson,761-07-6501,"6734 Sonya Fall Suite 866
Alexisport, MH 38889",N,hours
475,Lauren Young,333-99-9001,"937 Kelly Circle
West Joehaven, MS 83009",N,miles
476,Brenda Mitchell,345-28-9892,"8200 Aaron Harbors
Josephview, VT 95809",N,miles
477,William Branch,805-47-6943,"Unit 1768 Box 7133
DPO AP 01665",N,hours
478,Wendy Brown,541-81-3317,"135 Anderson Ville Suite 492
North Gina, VT 47073",N,miles
479,James King,116-74-1191,"859 Mcintosh Landing
Mendozafurt, PR 38365",N,miles
480,Cynthia Walker,719-90-7820,"81323 Brown Bypass Apt. 007
Michaelfurt, LA 31756",N,hours
481,Andre Matthews,605-43-0334,"87756 Donald Village Suite 342
Matthewville, FM 40783",N,hours
482,Ronald Boone,617-97-6180,"817 Allen Port
Port Teresamouth, UT 22558",N,hours
483,Kristin Lee,805-93-2453,"846 Clay Lock Apt. 639
Port Ryan, DE 22979",N,hours
484,Dawn Wilson,521-17-8734,"73371 Sanders Glens Suite 243
Jamesland, WA 80040",N,hours
485,Michael Hernandez,069-51-7588,"69357 Michael Corners Suite 659
Knightborough, KY 54854",N,miles
486,Ashley Chan,106-14-4974,"2918 Potter Tunnel Apt. 646
Ericaside, NY 84516",N,hours
487,Joshua Gordon,611-86-0112,"209 Nancy Crest
Wilkersonmouth, FM 74992",Y,miles
488,Adam Harris,182-28-9859,"13183 Katherine Avenue Apt. 995
Wallacetown, TX 84411",Y,hours
489,Sarah Castaneda,104-61-9566,"749 Scott Parkways Apt. 383
Jamesview, GA 10632",N,hours
490,Jessica Richards,883-65-4221,"9162 Benjamin Terrace Suite 282
East Diana, WI 78553",Y,hours
491,Amy Peck,680-16-8518,"66209 Jones Circles Apt. 429
Andrewberg, TN 11684",N,miles
492,Amy Freeman,045-62-0839,"655 Jennifer Plains Suite 341
Toddside, MO 38630",Y,miles
493,Bryce Holmes,594-08-5312,"51846 Campbell Alley
Johnton, CA 52035",N,hours
494,Juan Miller,245-82-6597,"2039 Amy Motorway
Amyborough, ND 95864",Y,miles
495,Crystal Mclaughlin,144-34-7773,"475 Stuart Plains
Mooretown, CO 48592",Y,hours
496,Christina Greer,751-16-8947,"938 Kyle Glen
Port Amberport, FL 95833",N,hours
497,Joyce Rivera,223-82-5182,"Unit 4174 Box 0469
DPO AE 63589",Y,hours
498,Natalie Miller,569-45-3655,"61091 Rick Freeway Apt. 851
Barronbury, TX 98463",N,miles
499,Steven Clark,300-15-6867,"77821 John Street
New Joan, VA 75418",Y,hours
500,Zachary Turner,552-94-2731,"152 Moore Shoals Apt. 279
Marshallbury, MH 67822",N,miles
501,Laura Hickman MD,074-62-4777,"7905 Timothy Shoal
Port Howardfurt, FL 41968",N,hours
502,Shannon Baker,879-62-3556,"15468 Miller Skyway Apt. 179
East Juan, KY 09031",Y,hours
503,Timothy Chandler PhD,773-34-0183,"82018 Doyle Square Suite 052
South Jonathan, WV 32169",Y,miles
504,Travis Russo,193-87-9157,"USCGC Kent
FPO AA 93603",Y,hours
505,Jesse Pope,041-61-5469,"8458 Jones Island
East Mario, VT 10261",N,hours
506,Tanya Holden MD,752-39-8181,"3836 Hawkins Street
East Jeffery, MS 41563",Y,hours
507,Michael Mcdonald,020-95-8923,"7181 Parker Well
Hawkinsview, PR 58558",Y,miles
508,Gina Everett,124-77-4064,"66621 Jessica Forge
East Jeffrey, OK 97078",Y,miles
509,Raymond Heath,827-93-1198,"7256 Jason Route Apt. 350
Lucasfurt, AZ 36947",N,miles
510,Donald Werner,389-24-1880,"5482 Herrera Way Suite 408
South Lisashire, IL 85146",Y,hours
511,Bailey Lee,512-46-3939,"465 Ana Spring
Jaredburgh, AK 39946",N,miles
512,Laura Miller,323-61-4277,"2721 Tina Harbors Apt. 280
Brownberg, MT 17240",N,hours
513,Kenneth Adams,739-75-0974,"4484 Tina Forks
West Rachael, IN 84430",Y,miles
514,Brian Bush,102-26-5631,"8874 Williams Falls
East Ryan, GA 96780",Y,miles
515,Timothy Todd,732-29-0680,"06945 Brandy Flats Suite 153
Port Dariusmouth, VA 05572",N,miles
516,Andrew Schultz,198-89-6869,"53684 Cunningham Estates
New Kenneth, NY 50859",N,hours
517,Gina Gonzalez,086-20-8011,"524 Daryl Court Apt. 374
Gregoryberg, LA 76651",N,miles
518,Kelly Costa,529-59-1937,"17619 Miller Walks
Watkinsstad, WY 42987",Y,hours
519,Raymond Hill,871-54-3447,"113 Monica Street
Jeremyview, WV 21051",N,hours
520,Linda Hill,373-07-1580,"54924 Robin Divide
Elizabethside, WV 15611",N,hours
521,Connor Mercado,018-08-3434,"5866 Ashley Island
Brewershire, WY 33427",N,hours
522,Jason Wright,765-23-8792,"7987 Ian Terrace Apt. 597
Morrisonburgh, ID 33446",Y,hours
523,Robert Smith,500-97-0085,"1165 Palmer Burg Suite 483
Loritown, ME 66163",N,miles
524,Luke Davis,729-33-2781,"3595 Mike Center Apt. 514
Lake Chelsea, VI 68914",Y,miles
525,Ruben Leonard,671-04-0936,"USNV Rogers
FPO AP 75857",Y,miles
526,Leslie Scott,397-02-7473,"573 Robin Stravenue Suite 735
Masonhaven, NJ 58992",Y,hours
527,Dr. Samantha Rogers MD,016-80-4180,"363 Eric Ports
South Whitney, NV 73850",N,miles
528,Phyllis Wright,356-92-2336,"227 Joshua Lake
West Meganshire, NM 97386",N,hours
529,Annette Olson,338-75-5563,"551 Wade Park
Riversville, RI 80695",Y,miles
530,Kelly Norton,154-24-8576,"04309 Rachael Ferry
East Mary, VT 42118",Y,hours
531,Daniel Johnson,366-81-2593,"6554 Shelby Roads
Josephton, OK 36784",N,hours
532,Julie Jordan,239-07-5907,"185 Cook Circle Suite 440
Reneeland, GA 17005",Y,miles
533,Melissa Lopez,272-60-0216,"64922 Deborah Station
Port Staciestad, ND 39997",N,hours
534,Mr. Jeremy Morris MD,733-77-6385,"54706 Brown Roads Suite 830
Jeremychester, PA 42591",Y,hours
535,Cheyenne Montgomery,569-26-7802,"335 Michelle Track
Kevinberg, CO 14486",Y,hours
536,Bethany Solomon,629-57-7437,"686 Dunn Walks Suite 626
Mitchellburgh, IA 95700",Y,hours
537,Dalton Griffith,061-96-8480,"62917 Wu Mountains Apt. 323
East Joseph, GA 28352",Y,hours
538,Julie Brown,169-67-7792,"2203 Anderson Stravenue
Heatherview, KS 19466",N,hours
539,Paul Williams,761-01-5092,"0723 Michael Circle Apt. 653
Atkinsview, NY 06305",N,hours
540,Linda Lawrence,276-88-3781,"0260 Sue Lakes
Katherinemouth, AZ 22485",Y,miles
541,Eric Hall,257-69-2738,"Unit 3687 Box 6550
DPO AA 72798",N,miles
542,James Pennington,292-20-7654,"8983 Miller Cape
North Laura, DE 34709",Y,hours
543,Julie Williams,300-87-2831,"80793 Roberts Overpass
Lake Melissa, IA 37836",N,miles
544,Michael Brown,099-66-1323,"324 Patty Centers Suite 712
Kurtberg, NY 57745",Y,miles
545,Daniel Bennett,212-03-1052,"373 Hays Spurs Apt. 574
Port Nicholas, NV 30336",N,miles
546,Matthew Alvarez,405-11-5852,"2222 Flores Walk
West Michaelshire, NE 93545",N,miles
547,Melissa Silva,178-56-5474,"409 Amanda Spur
Port Dominiquehaven, PW 94130",N,miles
548,Roger Barnett,175-64-8553,"22105 Mercado Knolls
Erinville, MD 08078",Y,hours
549,Keith Lee,615-20-7203,"639 Dakota Plains Suite 463
Lake Marktown, VI 12214",Y,hours
550,Barry Baker,660-57-4975,"8024 Gregory Streets Suite 298
Calebtown, NM 37029",Y,hours
551,Lauren Stevens,526-87-1306,"34642 Jackson Path
Collinsberg, NH 14917",N,hours
552,Robert Hicks,499-83-8172,"25924 Barnes Forge
Ericmouth, LA 59340",Y,hours
553,Kimberly Peterson,100-54-4029,"8720 Anderson Freeway Apt. 671
North Rebeccaborough, ND 58787",Y,miles
554,Ryan Bowman,802-80-7809,"6336 Brown Point Apt. 919
East Sarah, CT 17631",N,hours
555,Ms. Pamela Reid,041-41-9576,"PSC 0104, Box 3148
APO AP 75917",Y,miles
556,Melanie Myers,525-94-1115,"98272 Amy Station Suite 862
Stephanieberg, NE 79403",Y,miles
557,Hailey Bernard,249-36-6569,"780 Sandra Circle Suite 174
North Jennifer, PA 23165",N,miles
558,Tammie Sanchez MD,811-44-6623,"58558 Moreno Fall Suite 429
Nancyside, VT 99289",Y,miles
559,David Rangel,293-93-9716,"5447 Miguel Plains Apt. 824
Haleyhaven, ND 20636",N,hours
560,Eddie Johnson,551-10-2153,"71844 Smith Camp Suite 525
Robertsonhaven, SD 57819",Y,hours
561,Robert Green,538-33-5141,"1669 Skinner Park
Noahside, KY 77662",N,miles
562,Robin Nolan,300-27-5074,"66515 Albert Orchard
South Anthony, MI 24813",Y,miles
563,Maria Castillo,353-21-1957,"70934 Garcia Curve
Wilsonburgh, MO 70131",Y,miles
564,Linda Nielsen,664-63-7487,"746 Jackson Harbors
Port Diane, ND 79911",Y,miles
565,Dennis Tanner DVM,449-76-4526,"12772 Dawn Port
Alexanderstad, RI 24734",Y,hours
566,Jake Yang,034-27-7665,"2540 Lauren Neck
East Ashleytown, HI 44750",N,hours
567,Ryan Taylor,188-52-1448,"09558 Parker Square Suite 521
South Jeffrey, OH 71537",Y,hours
568,Jeffery Butler,074-19-5187,"361 Vicki Drive Apt. 324
Davidton, IA 76241",N,miles
569,Matthew Lyons,269-83-1301,"377 Poole Port Apt. 479
North Joditon, HI 41343",Y,miles
570,Joseph Young,143-91-2243,"5977 Bradley Freeway Apt. 485
Oliverberg, NM 42751",Y,hours
571,Anthony Walls,574-58-8057,"6011 Wright Passage Apt. 002
South Briana, MI 23332",N,hours
572,Steven Hansen,399-93-2182,"498 Steven Circle
Antonioton, ID 52249",N,hours
573,Victoria Smith,738-05-1265,"6083 Matthew Fork Apt. 469
East Davidberg, NM 91719",N,miles
574,Brandon Gentry,616-67-9548,"522 Joseph Extension Apt. 534
Francesside, NC 50049",N,miles
575,April Cruz,148-61-6908,"020 Christopher Heights
East Courtneyland, MA 17066",Y,hours
576,Julian Allison,613-58-7033,"PSC 9527, Box 1242
APO AA 46628",Y,miles
577,Alicia Schultz,712-87-5282,"7706 Edward Roads
South Jo, NH 37425",Y,miles
578,Madison Romero,801-60-7348,"4692 Alexander Ferry
New Antoniohaven, OK 60767",Y,miles
579,Kristy Russell,195-71-9986,"361 Wright Turnpike
South Melissa, NH 48237",Y,hours
580,Craig Sosa,623-37-3430,"1763 Jeremy Spurs
Donaldmouth, AR 21160",N,hours
581,Andrew Mclaughlin,852-01-2385,"72545 Cathy Locks Apt. 877
North Danielborough, VI 53521",Y,miles
582,Kimberly Stewart,723-24-1855,"474 Browning Track Apt. 978
Lake Timothystad, OH 81596",Y,miles
583,Stacie Martinez,083-31-1933,"67670 Michael Drives Suite 640
East Michaelland, DC 41276",Y,hours
584,Debra Green,298-01-5730,"404 Ford Stream
Lake Melissaberg, ND 82768",N,hours
585,Christopher Thompson,224-70-6634,"0905 Cain Ridges
West Claudia, NH 36526",N,miles
586,Dennis Rodriguez,088-68-9996,"96757 Garrison Forest
Bowentown, OK 98226",N,hours
587,Albert Rivera,452-23-3936,"34136 Brown Highway
Port Christian, ME 57943",N,hours
588,Jeremiah Howell,157-54-7824,"07715 Garcia Ports Suite 780
Jerrytown, NE 51818",N,hours
589,Thomas Smith,346-21-1505,"63928 Marie Light
Samuelmouth, MN 29016",N,hours
590,Carolyn Watkins,166-47-2281,"23612 Marcus Row
West Megan, NH 96817",Y,miles
591,Kim Lopez,303-99-5937,"029 Castillo Manor Suite 514
Fernandezhaven, SD 46332",Y,miles
592,Christopher Hughes,340-95-8467,"09776 Smith Camp Apt. 808
North Sean, MA 74508",N,miles
593,Amber Green,325-03-9790,"69050 Mckinney Manor
West Paulland, CT 23934",Y,hours
594,Dennis Gutierrez,525-77-9998,"054 Sarah Knoll Suite 503
Lake Jeffreyburgh, FL 39035",Y,hours
595,Ronald Buchanan,609-17-0412,"PSC 7892, Box 4311
APO AA 30092",Y,miles
596,Rick Livingston,424-14-0967,"71024 Cathy Isle
Ashleyport, AS 29625",N,miles
597,Robert Gallagher,895-21-4763,"44464 Johnson Way Apt. 269
Pooleview, NY 56933",N,hours
598,Kimberly Bond MD,173-15-1773,"17008 Travis Plain
Terriport, VA 22860",Y,hours
599,Jonathan Lee,495-78-3248,"689 Welch Divide
New Ronaldborough, CO 68119",N,miles
600,Samantha Harrison,385-09-1573,"9120 Veronica Meadows
Lake Melissa, NE 78117",N,miles
601,Justin Lawson,309-45-4655,"9515 Beverly Falls
Lake Belinda, FL 76394",N,miles
602,Michael Flores,884-96-7924,"4150 Wayne Forks
North Debra, GA 35228",Y,miles
603,Amber Garcia,843-72-7104,"9945 Barnes Ports
New Connie, AR 70240",N,hours
604,James Franklin,412-46-6728,"5823 Riley Drive
North Christopher, GA 94064",Y,miles
605,John Harris,583-22-5820,"6566 Harrison Keys
Stevenstad, AK 79179",Y,miles
606,Melanie Cervantes,271-17-6317,"819 Anna Bypass Apt. 908
New Melissaport, FL 76657",Y,miles
607,Lauren Spencer,349-15-8343,"959 Jason Locks Suite 516
Larsonstad, LA 16324",Y,hours
608,Howard Gilmore,823-74-7097,"7355 William Causeway Apt. 358
Duncanfurt, MP 68223",N,hours
609,Michelle Richardson,683-40-5573,"98145 Hill Court
South Daniel, LA 93343",N,hours
610,Kristen Smith,324-69-4387,"78870 Aaron Wells
North Oscarmouth, MD 00776",Y,hours
611,Dustin Wilson,553-02-0802,"4891 Shaun Dam Suite 078
North Tammy, CA 12152",Y,miles
612,Mark Anderson,697-76-6211,"USCGC Stone
FPO AE 49491",Y,miles
613,Cassandra Lopez,037-86-2637,"1228 Ryan Valley Suite 495
Annetteland, VT 61928",Y,miles
614,Jeffrey Morgan,512-50-5549,"8165 Norris Ridges
Bryantberg, CO 54106",N,miles
615,Kenneth Rodriguez,639-61-2334,"93221 Howe Prairie
Port Janet, MP 50948",N,miles
616,Louis Bennett PhD,146-59-4046,"PSC 3713, Box 1835
APO AE 41328",N,hours
617,Pamela Davis,317-30-6284,"380 Robert Spurs
South Amberport, NY 39207",N,miles
618,Lisa Parker,591-33-1392,"90068 Douglas Wall
Harringtonbury, OR 06633",Y,miles
619,Bobby Dunn,681-61-0183,"9118 Debra Drives
South Katherine, HI 43550",Y,hours
620,Jennifer Baldwin,889-97-0104,"0167 Nguyen Mountains
Garcialand, NH 83802",N,miles
621,Cynthia Watkins,857-01-8580,"05248 Thomas Brook Apt. 683
Gonzalezside, PW 36335",N,hours
622,Madeline Smith,387-39-3669,"57607 Coleman Trace
Joshuashire, SD 17293",N,hours
623,Jill Smith,183-04-9194,"0368 April Pines
East Valerieville, FM 86320",Y,miles
624,Roberto Simpson,650-18-7753,"544 Garcia Garden
Shieldsport, MS 90577",N,hours
625,Mrs. Tamara Gilmore,354-64-4726,"59049 Hebert Manor
Port Jacob, TN 66311",N,hours
626,Eric Cummings,667-80-4599,"6966 David Landing Suite 311
Kristenberg, MI 86278",N,miles
627,Zachary Davis,718-20-8430,"754 Jones Crossing Apt. 503
Ericchester, AL 83319",N,miles
628,Jonathon Evans,384-31-2734,"720 Hernandez Way
North Shannon, WV 84929",N,miles
629,Robert Rodriguez,183-39-0398,"820 Wilson Land Apt. 303
South Brendafort, OR 94123",N,miles
630,Jessica White,455-93-2327,"6951 Michael Shore Suite 520
South Crystalfort, VT 25203",N,miles
631,Lisa Zimmerman,730-85-1559,"627 Anderson Mills
Karenchester, ID 85341",N,miles
632,Anthony Cole,111-35-8388,"USNS Taylor
FPO AP 26703",N,hours
633,Jeffrey Anthony,462-29-8865,"47909 Mary Valleys
Kaylaland, PR 47561",Y,miles
634,Lauren Dorsey,867-44-3038,"1982 Rose Island
Lopezville, NM 03656",N,hours
635,Christina Dawson,769-63-2066,"98053 Sandra Bypass
Katherineport, MI 16490",N,hours
636,Tammy Williamson,222-09-6515,"738 Hicks Pike Apt. 958
Walkertown, MT 45055",Y,miles
637,Marcus Rojas,149-49-8105,"074 Harvey Crest
Kylechester, NJ 99193",N,miles
638,Nancy James,677-42-2154,"266 Joshua Brooks Apt. 418
Patrickview, MP 22235",Y,miles
639,Brandon Perez,707-46-9084,"4854 Donna Burg Apt. 930
Hannahborough, DC 42273",N,miles
640,Jeffrey Moore,594-42-1519,"83017 Keith Common
Kathymouth, DE 26491",N,hours
641,Cody Strickland,716-74-7602,"3769 Oconnell Locks
New Ravenberg, OR 14310",Y,miles
642,Mark Watson,522-50-0787,"279 Austin Squares Apt. 888
Parkerview, OR 34895",Y,miles
643,Kathryn Carr,273-49-4512,"USS Klein
FPO AP 96931",N,hours
644,Elizabeth Lin,613-50-2040,"PSC 2276, Box 4732
APO AA 58153",Y,miles
645,Mary Moreno,277-47-9082,"11054 Frye Mall
Davemouth, WV 46256",N,hours
646,Christie Gallegos,330-95-0032,"425 Johnson Ville Apt. 241
New Patrickland, SD 72617",Y,miles
647,Erik Hunter,344-57-8088,"166 Gary Groves
Haneyhaven, ID 76344",N,miles
648,Erica Baker,202-80-7134,"4741 Guerrero Trail
North Roseshire, HI 18902",Y,miles
649,Kathryn Lucas,797-77-0721,"50372 Walsh Avenue Apt. 160
East Tanyaborough, UT 95476",Y,hours
650,Jennifer Parker,120-20-7291,"28991 Nicholas Lodge Apt. 265
Jessicafort, SD 60861",Y,miles
651,Jesse Todd,181-99-9653,"218 Hunter Crossroad Apt. 372
West Rhondachester, OH 68885",Y,hours
652,Harold Nelson,476-31-9689,"04815 Hatfield Villages
New Melissa, NC 44455",N,hours
653,Jennifer May,378-02-4153,"3676 Michael Route
North Josephmouth, WI 43633",Y,hours
654,Alejandra Graham,365-34-8309,"311 Nelson Fields
New Kristen, TX 61201",N,hours
655,Jeffrey Dunn,444-09-4010,"PSC 3721, Box 1858
APO AP 19257",N,hours
656,John Miller,042-55-3336,"9328 Jeremy Plains
South Jennyview, ME 91701",Y,hours
657,Catherine Wallace,523-77-7502,"3065 Amanda Summit Suite 952
Port Jamesfurt, AS 37914",N,hours
658,Jenna Shepard,201-47-6558,"15553 Nicholas Station Apt. 305
Mendezfort, MA 46039",Y,miles
659,Kevin James,136-61-1103,"Unit 3052 Box 3278
DPO AA 45232",Y,hours
660,Tracy Fleming,542-32-8287,"62019 Woods Forges Apt. 044
Crawfordside, MN 16666",Y,hours
661,Jeremy Ferguson,164-62-4882,"57616 Rebecca Divide
Port Brianside, LA 79270",N,hours
662,Wanda Hayes,274-26-2233,"98605 Martinez Lodge Suite 650
South Wesleymouth, DE 59567",N,miles
663,Stephanie Salas,590-19-7693,"167 Harris Isle
West Danielle, TX 59920",N,miles
664,Cole Miller,496-05-5960,"786 Rosales Passage
Nancystad, FL 77082",Y,miles
665,Lydia White,348-50-6619,"109 Hanson Crest Suite 241
North Dawnville, AZ 27483",N,hours
666,Michaela Cruz,416-26-8486,"5527 Turner Port
Ashleymouth, AL 87047",Y,miles
667,Lisa Dominguez,207-27-0756,"40768 Torres Mill
Joshuaton, DC 85731",Y,hours
668,Jose Johnson,787-21-7121,"70697 Walker Route
Mosleyburgh, HI 25823",N,miles
669,Christina Lamb,453-90-8290,"4264 Brenda Branch Suite 343
East Thomas, MS 76241",Y,hours
670,Ernest Gonzales,837-59-4906,"092 Perez View
Lake Brian, ME 05515",Y,miles
671,Patricia Lane,810-91-7366,"079 Tyler Court
East Samanthamouth, KS 03981",Y,hours
672,Ronald Perez,235-06-8760,"4000 Victoria Path
East Carrieton, FM 30193",Y,hours
673,Kevin Lee,709-68-4780,"338 Jesus Estates Apt. 933
South Barbaramouth, SC 00853",Y,miles
674,Ashley Torres,380-49-6425,"USS Marquez
FPO AP 67530",N,hours
675,Michelle Perez,082-57-1971,"35983 Jason Shores
Natalietown, SD 47212",N,hours
676,Tiffany Rodriguez,818-38-6915,"6869 Sandra Way
Lake Kathleen, TX 47691",Y,hours
677,Lisa Hall,024-60-7530,"63784 Heather Place Suite 430
North Kennethfort, PR 26252",N,miles
678,Joseph Miller,268-52-3768,"9076 Foster Track Apt. 972
Bellchester, PW 51408",Y,hours
679,Mrs. Tammy Shields,785-35-2214,"44455 Dustin Shoals
East Angelaborough, FL 49012",N,hours
680,Jacqueline Bennett,446-23-4683,"625 Norma Trace
East Allenville, NH 33994",Y,miles
681,Jennifer Mendez,606-42-7442,"96653 Davis Forge Apt. 886
East Jerryhaven, WI 36553",Y,hours
682,Michael Quinn,763-06-6658,"0356 Rachel Lane
Port Hollyfort, NY 47077",Y,miles
683,Marc Norman,142-86-7841,"975 Salazar Terrace Suite 825
East Andrew, PR 43356",N,miles
684,Jonathan Keller,502-49-5275,"534 Joel Glen
West Alexander, GA 47034",N,hours
685,Stephanie Burns,765-75-7662,"1339 Raymond Views Suite 833
Loweryberg, PW 54517",N,hours
686,Debbie Bennett,512-26-0418,"390 Coleman Radial Apt. 938
Kaneside, CT 96063",Y,miles
687,James Chambers,660-29-4716,"9333 Adams Street Suite 351
Laurenburgh, DC 23144",N,miles
688,Nathan Barnett,625-19-5965,"26781 Toni Pass
Youngland, NC 12047",N,miles
689,Stephen Garcia,081-38-5932,"62809 Kyle Island
Brianborough, KS 59169",Y,miles
690,Karen Gross,546-67-6581,"92410 Jeffrey Vista Apt. 706
Ashleystad, TX 91570",N,hours
691,Brittney Medina,877-15-5348,"74343 Charles Corners Apt. 882
Mcdonaldside, HI 49231",N,hours
692,Billy Erickson,502-08-0242,"33961 Walker Skyway
Lake Elizabethside, NC 35881",Y,hours
693,Ruth Williams,199-07-6796,"52902 Rodriguez Harbor Apt. 928
Lake Christinaport, FL 43599",Y,miles
694,Phillip Perez,205-85-6155,"086 Paul Ridges Suite 633
East Richardland, KY 77652",N,hours
695,Jodi Harris,116-39-0457,"779 Gabrielle Prairie
New Barbaratown, GA 18073",N,hours
696,Beverly Brown,125-47-2711,"68794 Wilson Harbor Apt. 533
New Cherylborough, MP 07097",N,hours
697,Rachael Lewis,507-33-5756,"6055 Russell Circle Apt. 780
South Johnny, WY 61667",N,miles
698,Michael Reyes,172-27-6134,"80616 Johnny Fall Apt. 308
Port Jeffrey, AK 86799",N,hours
699,Angel Martinez,672-32-2073,"48565 Samuel Street Suite 571
Robertmouth, TX 47228",N,miles
700,Duane Lang,023-40-7820,"7074 Williams Vista Apt. 136
Lake Karen, OH 65182",Y,hours
701,Vanessa Ramos,835-48-4332,"39035 Tracy Burgs
North Deborahmouth, AZ 73649",N,miles
702,Colleen Bennett,591-48-0826,"21468 Jennifer Trail
Rossmouth, GU 45782",Y,hours
703,Amy Johnson,335-69-0150,"215 Stephanie Roads
North Henryville, KS 87925",N,hours
704,Ashley Smith,261-21-8118,"76108 Salinas Throughway
East Theresa, CT 99850",Y,miles
705,Christopher King Jr.,261-79-0590,"43108 Blevins Pike
Jonestown, SD 07353",N,hours
706,Michael Bradley,325-24-4823,"499 Lowe Mountain Apt. 314
South Mark, LA 04698",N,hours
707,Melinda Hernandez,683-60-1942,"28094 Reilly Gateway
Lake Chelseaburgh, OH 38398",N,hours
708,Jessica Hoover,773-58-1448,"4815 Gallagher Turnpike Suite 665
Martinton, MD 20802",Y,hours
709,Kimberly Lindsey,152-11-9455,"43698 Harding Mall Apt. 527
South April, FM 42108",N,miles
710,Michele Lamb,782-79-1315,"7709 James Run Suite 455
North Jeremyville, AS 90357",N,hours
711,Amber Singleton,310-96-3117,"8341 Colleen Vista
North Diana, DC 47314",N,hours
712,Heather Olsen,630-87-2740,"540 Michael Mission Suite 830
Bellfurt, LA 26745",N,hours
713,Joshua Jensen,061-87-8836,"58620 Griffith Isle
Woodston, AK 78674",Y,miles
714,Todd Roach,474-22-9688,"29863 Angelica Isle
North Sabrina, PA 61860",Y,hours
715,Tiffany Gallegos,130-09-5649,"72611 Tina Spur Apt. 523
Richardsfort, VT 76813",N,miles
716,Patrick Hartman,282-26-9642,"3055 Amy Fords
Veronicastad, AK 55845",Y,hours
717,Carla Kelley,419-82-7589,"7121 Joseph Row Suite 102
Leeville, PA 99206",Y,hours
718,Brian Kirby,771-68-3679,"0317 Roberts Harbor
Lake Samuelton, VA 19710",Y,hours
719,Sean Morrison,398-68-2340,"7292 Michael Road Suite 760
Mooreland, AZ 93951",Y,miles
720,David Mcfarland,610-73-7750,"76074 Brianna Route
Mackview, VA 97607",N,hours
721,Kyle Sherman,389-46-9037,"0266 Jones Extension Suite 688
North Richardburgh, WV 57581",Y,hours
722,Evan Cobb,140-48-3892,"75373 Whitaker Crest
Schwartzmouth, GU 90732",N,miles
723,Stephanie Rojas,150-51-4671,"3412 Jenna Islands Apt. 901
New Jennifer, AK 04858",Y,hours
724,Steve Dennis,858-13-9209,"80261 Smith Ranch Suite 123
Nashfort, MA 07717",Y,hours
725,Jennifer Peterson,342-60-8447,"377 Ashley Corner
Krauseview, GA 54252",N,miles
726,Kenneth Walker,427-90-8185,"8740 Kim Cliffs
North James, IL 68103",Y,miles
727,Ian Alvarez,313-62-2645,"89652 Karen Pine
East Ronaldborough, NE 71701",N,hours
728,Ryan Johnston,245-59-1016,"1261 Troy Trace
Port Moniquechester, CA 93649",N,hours
729,Mr. Kyle Patterson Jr.,897-81-5181,"25261 Dixon Greens Suite 817
Port Jose, MO 35902",Y,miles
730,Mark Collier PhD,153-52-4310,"4855 Allison Radial Suite 840
Kennethborough, NE 58447",Y,hours
731,Deborah Miller,507-08-7627,"331 Hart Mill
Laurahaven, IL 62829",N,hours
732,Sabrina Martin,882-14-1063,"2603 Timothy Brooks
Port Samantha, IA 05335",N,miles
733,Tonya Garza,308-50-5578,"1773 Amanda Junctions Apt. 889
Lisamouth, SC 26931",N,hours
734,Austin White,371-19-6065,"8790 Audrey Village Apt. 186
East Monica, LA 54204",N,hours
735,Kendra Smith,536-07-4975,"99148 Pennington Terrace
Zacharyland, AL 76123",Y,hours
736,Jenna Day,080-92-5475,"32979 Garza Island Suite 804
Hayesbury, MP 22761",N,miles
737,Mario Hill,187-22-6887,"586 Michael Turnpike Suite 753
Jasonside, WV 22392",Y,hours
738,Kaitlyn Olson,296-98-2978,"41130 Angela Unions Apt. 529
New Ericaview, NY 51124",N,miles
739,Patricia Smith,098-51-6663,"24113 Mark Park
Colehaven, PR 27434",N,hours
740,Ruth Butler,321-62-7204,"72890 Anne Wells Apt. 968
Gordonmouth, MO 19298",N,miles
741,Emily Walters,629-85-8136,"198 Nathan Cliffs Apt. 481
Davidton, UT 08825",N,hours
742,Regina Holder,273-88-5190,"87577 Ramsey Union
Anthonyton, PA 66329",Y,hours
743,Tyler Matthews,358-96-3725,"4539 Frank Summit
Harrisview, MO 13637",N,miles
744,Debra Ortiz,106-46-5513,"480 Cindy Stream Suite 721
Ramirezmouth, ND 82359",N,hours
745,Peter Harvey,307-08-1445,"206 Hughes Stream
Millerbury, DE 10262",N,hours
746,Mr. Randy Smith MD,758-12-8416,"109 Rivera Spurs
Gonzalezmouth, KY 46338",N,miles
747,Jonathan Newman,869-24-6634,"81792 Edgar Ford
Martinfurt, CO 18794",Y,hours
748,Brenda Green,659-02-0892,"49890 Bryan Forges
East Josephton, DE 27018",Y,miles
749,Jennifer Morales,344-31-4778,"3801 James Forest
West Daniel, MI 03986",N,hours
750,Matthew Cummings,336-37-5106,"1183 Jenkins Extensions Apt. 460
Marychester, PA 47502",Y,hours
751,Aaron Lee,853-24-1706,"6219 Angela Shores
North Jeremyshire, GA 71314",N,miles
752,Rhonda Carter,511-29-5478,"Unit 4194 Box 6629
DPO AA 48230",N,miles
753,Faith Smith,300-54-1881,"637 Daniel Knoll Apt. 155
Brianside, AS 32739",Y,miles
754,James Schmidt,638-56-3146,"98930 Kimberly Roads
Gregorystad, WA 12744",Y,hours
755,Margaret Baxter,379-30-7072,"458 David Valleys Apt. 094
Frederickland, NV 32864",N,hours
756,Joy Scott,085-70-6826,"2469 Lindsey Prairie
Nelsonton, SC 86954",Y,miles
757,David Ingram,336-17-5583,"02487 Paul Turnpike Suite 426
New Corey, NJ 40058",N,miles
758,Jeffrey Fischer,394-07-2626,"1351 Smith Canyon
West Kenneth, PR 27899",Y,hours
759,Kevin Hubbard,347-13-0337,"563 Elizabeth Drive
Martineztown, NM 49898",Y,hours
760,Tara Dawson,743-16-4413,"9782 Heather Burgs Apt. 925
Barronville, NC 15528",Y,hours
761,Anthony Jones,602-40-1409,"703 Philip Tunnel
Saraburgh, NJ 79603",Y,miles
762,Joshua Manning,635-30-2143,"27541 Mary Cove
Gabrielleland, NE 60225",N,miles
763,Jesus James,518-04-9841,"027 Walton Neck Suite 939
Lake William, ID 98779",N,miles
764,Mrs. Amy Smith,592-12-5571,"USS Arroyo
FPO AP 86857",Y,miles
765,Tony Klein,773-38-2527,"72035 Kevin Loaf
West Phyllis, MP 51225",Y,hours
766,Andrea Walker,639-96-8534,"PSC 6227, Box 9487
APO AP 02473",Y,miles
767,Lori Harrison,037-38-7175,"362 King Ports Suite 695
Julieland, NM 94119",N,miles
768,Omar Davis,727-43-0867,"82996 Elizabeth Ridges
Wilsonborough, NY 05255",Y,hours
769,Kelly Ross,288-37-9238,"5441 Anthony Forest Suite 771
Jennastad, NY 13267",N,hours
770,Benjamin Webb,145-32-6934,"447 Flowers Walk Suite 850
Ryanchester, OH 07865",N,miles
771,David Gonzalez,132-44-9492,"9180 Garner Islands
North Amber, NH 45313",Y,miles
772,Christine Clements,743-04-0949,"521 Kevin Flats Suite 355
Lake Rachelberg, MT 06141",Y,miles
773,Aaron Rogers,029-76-0594,"851 Tracey River
Port David, AK 50822",Y,miles
774,Charles Pierce,584-63-1380,"PSC 7626, Box 3104
APO AE 71327",Y,hours
775,Helen Clarke,088-34-7569,"79381 Perry Fork Apt. 233
Sandraberg, MP 94699",N,miles
776,Eric Baker,649-40-6766,"527 Justin Lake
North Melissa, MI 99893",Y,miles
777,Amanda Peterson,580-72-6497,"9756 Matthew Islands
New Kennethton, ND 58604",Y,hours
778,Christine Bowen,112-11-8791,"USNV Proctor
FPO AA 62109",N,hours
779,Kendra Mcbride,168-58-6705,"9431 Franco Highway Suite 219
South Jamiemouth, PR 53115",N,miles
780,Edward Martinez,861-34-3656,"5121 Shelton Ridge Apt. 210
North Megan, PR 33309",N,miles
781,Amber Zimmerman,412-09-2894,"57959 Lester Drives Suite 125
Port Samantha, MT 36505",N,miles
782,Richard Moore,039-27-1260,"46982 Benjamin Tunnel
Danielleburgh, HI 56623",N,miles
783,Maria Lee,013-53-7681,"07526 Barbara Islands
Martinside, ME 52360",N,hours
784,John Brown,876-56-6624,"4269 Hubbard Street
South Vanessa, MH 19983",Y,miles
785,Jennifer Nelson,699-47-1381,"529 Wright Plaza Apt. 611
New Jamesfort, OR 03455",Y,hours
786,Tanya Barton,277-57-9718,"09575 Bailey Circle Suite 823
Emilyfurt, DC 74193",N,hours
787,Allen Smith,196-80-4595,"0315 Tammie Crossroad Apt. 212
East Samuel, MS 62768",N,hours
788,Tiffany Rojas,438-01-0202,"100 Linda Views Apt. 091
Theresaside, RI 31724",Y,miles
789,Daniel Cox,701-44-7077,"375 Julia Square Suite 562
Susanhaven, AS 64851",N,miles
790,Christopher Cooper,623-47-8935,"315 Jessica Greens Suite 197
Ashleymouth, MP 82480",N,hours
791,Matthew Palmer,382-20-0116,"5401 Johnson Spur Apt. 088
Walshberg, OR 05793",Y,hours
792,Kim Freeman,835-21-4591,"42208 Katie Isle Suite 850
South Shannon, PA 55295",Y,miles
793,John Swanson,323-44-9880,"866 Castillo Parkways
East Ronnie, MN 54511",Y,hours
794,Matthew Jackson,833-51-8124,"121 Stewart Radial Suite 356
Lake Micheal, SC 31875",Y,hours
795,Stephanie Carroll,535-22-1061,"153 Davis Springs Apt. 826
North Melissamouth, KY 91066",N,miles
796,Andrea Clark,654-75-8433,"40457 Jeffrey Port
North Jenniferberg, GU 43448",Y,miles
797,Pamela Gibson,243-33-4407,"3209 Alexandra Garden Suite 475
Port Lisastad, OH 77818",N,hours
798,Mrs. Donna West,506-23-4499,"32972 Schmidt Alley
South Eric, IN 87152",N,miles
799,John Gentry,673-61-7294,"PSC 8334, Box 4996
APO AE 61685",N,hours
800,Victoria Taylor MD,012-93-7420,"203 Olsen Ville
Fergusonfort, FL 57597",Y,miles
801,Ryan Travis,697-47-0483,"PSC 9020, Box 3105
APO AA 38090",Y,hours
802,Jennifer Coleman,796-02-2324,"405 Charles Dale Suite 658
Richardsonville, ID 48475",Y,miles
803,Gregory Jimenez,812-27-4346,"337 Blake Brooks
East Jason, IA 47136",N,hours
804,Allison Wilson,570-05-5346,"4479 Carr Grove Apt. 976
Lake Amandachester, CO 56201",N,miles
805,Daniel Myers,471-42-4684,"486 Drew Tunnel Apt. 474
Port Michael, CO 12503",N,miles
806,Dennis Hall,036-20-3050,"454 Ryan Junctions Suite 655
Jesseton, CO 92697",Y,miles
807,Meagan Compton,781-16-0268,"751 Michelle Wells Suite 183
New Samantha, WV 24893",N,hours
808,Philip Ferguson,596-13-1545,"70235 Hayden Spurs Apt. 032
East James, WV 15308",Y,miles
809,Charlotte Li,899-54-7301,"655 Simpson Spurs Suite 442
Rowlandberg, AK 57841",N,miles
810,Paul Norton,379-42-3021,"PSC 9291, Box 4820
APO AP 78792",Y,hours
811,Kenneth Chaney,568-84-3272,"822 Ruiz Bridge
North Amandaview, WV 63486",Y,miles
812,Keith Sherman,287-69-8469,"80744 Stout Wall Apt. 729
North James, WA 81253",N,hours
813,Robert Salinas,423-59-1165,"777 Tran Groves
Kevinfort, WI 38693",Y,hours
814,Vanessa Collins,373-80-3555,"72296 Kelly Points
Lake Lindaville, PA 11275",Y,hours
815,Ashley Thompson,360-13-7554,"USS Johnson
FPO AE 57197",Y,hours
816,Jacob Torres,093-74-6800,"1373 Mcmillan Summit Suite 176
North Jon, OR 10427",N,hours
817,Marissa Baker,028-61-3559,"99972 Davis Tunnel
Murphytown, NV 73830",N,miles
818,Michael Garrison,478-85-5071,"0946 Boyd Cliffs
Jessestad, NJ 78914",Y,hours
819,James Spencer,272-94-9511,"917 Sloan Streets
Banksstad, MS 84572",Y,miles
820,Elizabeth Hudson,049-09-5118,"49027 Fletcher Tunnel
Jennifertown, PW 92500",N,hours
821,Julie Walker,155-47-3628,"2630 Kathleen Crest Suite 426
West Rebeccaton, PW 39214",Y,hours
822,Roy Hall,763-62-9166,"37267 Wilson Fall Apt. 008
New Brandon, NV 23476",Y,hours
823,Dennis Williams,408-46-1089,"6933 Rowe Extensions Suite 971
South David, LA 08281",Y,hours
824,Vanessa Jones,060-62-7964,"4010 Giles Island
West Brianville, NJ 26024",N,miles
825,Sean Smith,649-57-4045,"9064 Emily Circles
Johnsonhaven, SD 54760",Y,hours
826,Joseph Rowland,723-94-4578,"410 Williams Village
Matthewland, NM 17353",Y,miles
827,Crystal Alvarado,319-09-0708,"PSC 2044, Box 4267
APO AE 98105",Y,hours
828,Brenda Dunn,484-78-6519,"79275 Nielsen Roads Apt. 502
Allisonshire, CO 77031",N,miles
829,Stephen Bell,229-88-0448,"912 Dustin Mount
Chaseview, NJ 11090",Y,miles
830,Laurie Sosa,868-55-7778,"011 Laura Fords
Courtneyburgh, NJ 89260",N,miles
831,Savannah Walton,473-80-4693,"53385 Elizabeth Trail Suite 180
Port Kaitlyn, MO 19878",Y,hours
832,Gabriel Ponce,437-58-3451,"1305 Johnson Parkway Apt. 539
Thomasberg, MH 06019",N,hours
833,Chad Johnson,143-35-0933,"697 Ferguson Squares Suite 314
Alexaside, TX 96277",N,miles
834,Jimmy Brown,060-51-2989,"013 Neal Roads
Port Brianborough, FM 40655",N,miles
835,Samantha Werner,086-41-8755,"961 Jordan Course
Port Jessemouth, CA 04150",N,hours
836,Lisa Foster,712-11-9021,"0058 Nicole Turnpike
Greenport, CA 84107",Y,miles
837,Kelly Smith,518-80-6450,"877 Deanna Road Suite 718
East Ericside, ND 02998",Y,hours
838,Michael Hines,308-16-3135,"7117 Albert Hollow Apt. 789
West Angelafort, MH 06243",Y,hours
839,Bryan Compton,683-48-4349,"25886 Cody Vista Apt. 300
Port Michael, CT 99011",N,miles
840,Mrs. Maria Banks,157-35-5926,"PSC 4667, Box 3531
APO AA 31632",N,miles
841,Jason Merritt,794-75-3090,"7565 Dustin Causeway
East Sonya, HI 45272",Y,miles
842,William Hamilton,143-08-9488,"3065 Gregory Trafficway Apt. 988
West Deannatown, MH 51922",N,miles
843,Tonya Stephens,221-41-3294,"1161 Cole Forge
New Micheal, FL 59340",Y,miles
844,Christopher Alexander,414-54-4168,"8603 Kelly Ports
Sotochester, KY 57589",N,miles
845,Stephanie Wilson,424-12-3291,"0522 Madison Roads Apt. 255
Valenciafort, MH 22172",Y,miles
846,Rachael Duncan,019-67-6793,"115 Brandy Cliffs Suite 290
Moniquefort, CT 95447",N,hours
847,Frances Rowe,572-85-7921,"8933 Brown Turnpike
Josephbury, MO 04645",Y,miles
848,Roberta Sweeney,181-86-2026,"Unit 2613 Box 8077
DPO AE 45994",Y,hours
849,Jodi Ortega,821-15-0097,"530 Joseph Radial
North Alicia, UT 04154",N,hours
850,Joshua Smith,478-69-5776,"84740 Watson Key
Morganhaven, CO 21425",N,miles
851,Jacob Mays,061-03-7985,"623 Eugene Neck
Karaport, OH 53073",N,hours
852,Felicia Obrien,567-43-6266,"39608 Michael Tunnel
Hallfort, VI 50664",Y,miles
853,Aaron Willis,094-09-0178,"1887 Cuevas Glens Apt. 594
Johnsonville, TX 45599",Y,miles
854,Bruce Bennett,212-86-1217,"67739 Obrien Mills Suite 056
Paulmouth, NJ 99863",Y,hours
855,Brittany Anderson,608-21-6327,"5232 Brian Parkways Apt. 463
West Steven, IL 97869",N,hours
856,Paula Woodward,347-19-2770,"78895 Cruz Vista
Garciaton, LA 52009",Y,hours
857,Aaron Johnston,784-96-6142,"936 Matthew Rue
Erikmouth, WA 92620",N,miles
858,Deborah Braun,068-91-7569,"080 Brown Union
East Kellyport, AK 57723",Y,miles
859,Dillon Allen,802-39-6540,"78293 Keith Mall
Craigburgh, FM 10197",N,miles
860,Robert Fox,398-98-4548,"USNV Russo
FPO AE 19415",Y,miles
861,Keith Mcintosh,530-71-8410,"PSC 2488, Box 0071
APO AE 16253",Y,hours
862,Amanda Shields,154-57-2446,"464 Tracy Passage
Jacksonbury, MN 19764",Y,hours
863,Cole Carter,302-59-8293,"0416 Jeffrey Corners
Stephanietown, MT 88632",N,miles
864,Erin Walters,603-19-4720,"090 Lisa Track
North Clarence, MA 44136",N,miles
865,Joseph Morgan,824-71-8106,"102 Sharon Bypass Suite 705
Rachelland, AK 67823",N,miles
866,Katherine Michael,173-87-6649,"034 Michael Road
Walkerhaven, AZ 60331",Y,miles
867,Amanda Griffin,132-11-3726,"933 Diana Valleys Apt. 606
East Andrewton, WV 47584",Y,hours
868,Jacob Nelson,366-80-8900,"097 Steven Mission Apt. 297
Finleyport, NH 33984",Y,hours
869,Thomas Browning,215-72-7782,"6759 Michele Villages
New Daniel, NY 96224",Y,hours
870,Wayne Mitchell,548-74-7922,"USNV Espinoza
FPO AE 46976",N,miles
871,Nancy Ellison,287-21-7187,"73657 Katie Ranch Apt. 398
Bookerchester, SD 38369",N,hours
872,Janice Brooks,113-56-7690,"9150 Alan Ports Apt. 433
West Jose, GU 78055",N,miles
873,Angela Allen,567-62-1559,"389 Walsh Course
South Marcusshire, VI 13343",Y,miles
874,Jeffrey Rivera,171-26-7049,"04012 Hannah Crescent
Davisstad, MH 24832",N,hours
875,Elizabeth Woodard,376-14-7638,"3634 Edward Extension
New Sarah, TX 94401",N,hours
876,Joshua Joseph,895-79-5068,"597 Misty Falls
Lake Omar, PA 04020",N,hours
877,Amanda Martin,793-92-7393,"333 Thompson Plains
Port Benjamin, MS 86450",Y,hours
878,Antonio Hoover,025-69-8010,"PSC 2127, Box 9267
APO AE 16773",N,hours
879,Mrs. Leslie Flores,826-26-4649,"3773 Megan Drive Apt. 500
West Danielburgh, PA 14129",N,hours
880,Darren Alvarado,082-44-8051,"271 George Lakes
West Stephanie, RI 50184",N,hours
881,Nancy Hess,185-52-7089,"019 Berry Roads
South Kimberlyville, SC 02561",N,hours
882,Mrs. Donna Roberts,490-02-0535,"0492 James Stream
Adamsberg, VA 97410",Y,miles
883,James Owens,732-75-8448,"62543 Erin Lake Apt. 011
Brittanyborough, TN 37506",Y,hours
884,Linda Thomas,581-70-3718,"866 Alexander Loop
Port Tarachester, WV 14613",Y,miles
885,Christina Little,869-53-0898,"443 Lisa Oval Suite 742
Port Jennifer, AR 28118",Y,hours
886,Emily Conrad,299-51-4050,"184 Herman Point
Davisshire, ME 54264",Y,miles
887,Vanessa Hamilton,215-38-2948,"65252 Cassie Meadow
Timothyborough, IL 55645",N,hours
888,Mr. Peter Henry,653-69-8879,"24847 Daniel Green
Lake Matthewshire, OK 77334",N,hours
889,Tyler Vincent,833-67-1479,"82716 Richard Vista Apt. 960
North Anthonyville, PA 92092",Y,miles
890,Sarah Sullivan,772-48-8897,"38410 Hansen Loop
Williamberg, WI 50067",Y,hours
891,Stephen Singleton,754-88-1623,"52092 Johnathan Keys Suite 024
Stonetown, IN 35602",Y,hours
892,Gerald Sanchez,670-30-6550,"67937 Clark Parkways Suite 799
Rebeccaborough, AK 10815",Y,hours
893,George Ellis,448-76-6528,"31295 Jody Viaduct
South Todd, WV 82872",Y,miles
894,Catherine Johnson,188-75-2725,"2975 Ryan Port Apt. 817
Amandachester, AK 22744",N,hours
895,Jesse Hall,053-57-9933,"3856 Ramirez Pines Apt. 505
West Markton, RI 49236",N,miles
896,Andrew Rhodes,581-81-2545,"41985 Michael Dam
Lake Timothymouth, OH 40391",N,miles
897,Samantha Murray,300-08-9480,"3441 Jason Flat
Rachelmouth, IA 14285",N,hours
898,Stephen Johnson,764-84-0504,"3047 Randall Mission Suite 984
East Karla, AZ 52471",N,miles
899,James Bennett,715-55-6244,"25570 Burton Flat
East Cynthia, MT 85957",Y,miles
900,Dr. Angela Fitzgerald MD,401-57-4014,"421 Williams Glens
Harrismouth, LA 50365",Y,hours
901,Kristen Ramirez,244-91-6333,"59714 Valerie Squares Suite 924
Lake Amytown, HI 97554",Y,hours
902,Gerald Richardson,624-53-3387,"159 Jacob Grove Suite 530
Rogersmouth, MN 33091",N,hours
903,Chad Johnson,033-07-5459,"4414 Melissa Valley
Smithborough, LA 47703",Y,hours
904,Kerry Kirk,280-61-4875,"338 Lopez Estate Suite 007
Lake Davidbury, HI 49170",N,hours
905,Peter Moore,577-50-8503,"2515 Velez Stravenue Suite 674
Port Vincent, IL 93297",Y,hours
906,Dalton Franklin,354-68-7790,"0309 Valentine Roads Apt. 468
Reginaview, KS 94077",Y,miles
907,Craig Haas,553-86-8559,"855 Steve Prairie
Daniellefort, NY 39404",N,miles
908,Jessica Mcknight,424-87-2473,"55634 Williams Divide
West Drew, IL 84217",N,miles
909,Elijah Chang,509-46-0831,"85947 Timothy Estates Suite 928
East Brittany, TX 42133",N,hours
910,John Summers,411-10-3563,"757 Davies Ports
North Stevenbury, MI 87867",N,miles
911,Amanda Trevino,857-88-3297,"76485 Armstrong Branch Suite 165
Stephaniehaven, NH 76696",Y,miles
912,Joshua Baker,682-17-2649,"6873 Matthew Skyway Suite 087
North Johnhaven, TN 99793",N,hours
913,Sarah Patterson,463-29-0665,"382 Cooke Avenue
Jenniferburgh, AK 78071",Y,hours
914,Mrs. Sandra Gallagher,658-06-4711,"56330 Rodriguez Divide
Jonport, TX 08145",N,hours
915,Sarah Lewis,306-85-1468,"75716 Rubio Parkway
North Heatherstad, GU 77389",N,miles
916,David Willis,297-69-3089,"08733 Strickland Street Suite 575
Christinafort, OR 12205",N,miles
917,James Lynch,648-69-8321,"83336 Watkins Flats Suite 278
Hamptonfurt, WV 25078",Y,hours
918,Crystal Bryant,330-04-1640,"32446 Fernandez Corners
New Christophermouth, CO 52807",Y,hours
919,Christopher Woods,289-13-0240,"665 Anthony Glens
Grimesport, RI 26437",N,miles
920,Anthony Ferguson,386-01-3892,"039 Rice Light
Lake Brad, IL 71800",N,miles
921,Mary Lloyd,264-35-6449,"74309 Martin Point Apt. 416
Haroldtown, AZ 69510",Y,hours
922,Victoria Smith,364-61-5073,"9566 Turner Pass Suite 434
New Albert, NM 57721",N,miles
923,Christine Ross,080-46-0942,"707 Robert Extensions Suite 364
Hannahport, TN 39109",Y,hours
924,Andrea Davis,374-42-2617,"015 Dennis Meadow Apt. 037
Wagnerport, LA 71851",Y,miles
925,James Wade,145-71-9996,"6494 Jones Manors
West Michaelland, AR 72652",N,miles
926,Cathy Jenkins,810-69-8171,"365 Gilbert Forks Apt. 043
New Ericmouth, MP 86389",Y,hours
927,Patricia Proctor,389-32-7080,"974 Jennifer Key
New Sandrashire, KY 22755",N,miles
928,Brooke Bautista,491-54-7428,"PSC 8215, Box 6587
APO AP 43953",Y,hours
929,Jose Morgan,021-45-1472,"624 Jon Crossing
South Sarah, MS 48414",N,hours
930,Kim Smith,293-18-3864,"14003 Cruz Knolls
Maxstad, DE 72324",N,miles
931,Mrs. Tiffany Macias,142-82-8516,"286 Alvarez Prairie
Leahview, GU 72494",N,miles
932,Jorge Lee,390-22-1098,"22988 Aaron Prairie Suite 540
Port Timothymouth, VT 12861",N,hours
933,Jeffrey Fischer,644-06-0387,"6946 Zuniga Junctions
South Larryland, ME 46967",N,hours
934,Christine Marsh,603-98-0611,"94942 Jones Mountain Apt. 054
Boydburgh, MT 72705",Y,miles
935,Katherine Ray,683-90-1034,"26953 Lawson Mews
North Terrence, DE 09238",Y,hours
936,Bonnie Barrett,575-49-9145,"605 Gray Orchard Suite 292
Kelseyfurt, MP 32241",Y,miles
937,Andre Smith,605-22-0058,"96912 Richard Land
North Nicholestad, OK 55429",N,hours
938,Christina Welch,533-38-2293,"169 Robert Meadows Suite 994
Brendaland, IA 75054",N,miles
939,Sheena Martin,091-30-8894,"9904 Sarah Ridges Suite 488
North Stephanie, GA 19242",Y,hours
940,Ryan Jones,402-52-8190,"65091 Zimmerman Village
Port Jonathanport, WA 80294",N,hours
941,Tracy Banks,796-52-6565,"30076 Katie Radial Suite 623
Ewingside, DE 51718",N,miles
942,Samuel Thomas,081-68-2102,"Unit 6501 Box 7089
DPO AE 73002",Y,miles
943,Stephen Lee,151-70-4978,"879 Lambert Mission Apt. 854
South Casey, SC 21399",N,hours
944,Latoya Werner,483-10-0014,"4456 Olsen Lights
Port Brendanton, VI 92076",N,hours
945,Amber Cole,542-45-6934,"83204 Alexander Lights Apt. 323
Mooreburgh, AK 05424",Y,hours
946,Nicole Foster,704-48-1260,"2468 Pace Radial
North Jimmy, OR 13649",Y,miles
947,Brandon Hardin,685-37-8328,"3617 Phillips Key Suite 895
Connerchester, GA 58428",N,hours
948,Dean May,726-22-7432,"2846 Juan Prairie
East Karenside, CT 16577",N,miles
949,Lisa Brooks,551-73-8734,"2935 Steven Plaza
North Jacksonberg, AL 60046",Y,miles
950,Eric Alexander,087-62-9002,"2870 Potts Lock
East Abigail, MH 61101",N,miles
951,Anna Gibson,059-38-2896,"3820 Debra Path Apt. 408
Jordanchester, FL 13559",Y,hours
952,Kirk Simon,216-05-4810,"655 Glenn Gardens
Port Erica, GA 62738",N,hours
953,Julie Greene,475-74-9433,"2033 Johnson Trafficway Apt. 603
West Luketown, VT 01947",N,hours
954,Angela Potter,258-48-3012,"82639 Douglas Crescent
New Luis, SC 68808",Y,hours
955,Lisa Garcia,197-67-5152,"4309 William Gateway Apt. 110
Kathleenmouth, NH 02419",N,hours
956,Charles Carlson,435-16-4840,"0012 Walsh Port
Hortonport, NJ 98622",N,hours
957,Miranda Fowler,449-69-5487,"230 Sara Square
Port Breannaside, TX 88403",N,hours
958,Denise Thomas,018-87-0108,"20378 Andrew Creek
South Jamesfort, FM 15876",N,miles
959,Samantha Daniel,322-55-6614,"27284 Terry Gateway Apt. 219
Laurenhaven, WA 60245",N,miles
960,Michael Dennis,545-99-8972,"8244 Beverly Field Suite 189
Port Robert, KY 74793",Y,hours
961,Madison Love,440-17-6363,"938 Garcia Wells
Lake Elizabethton, NE 09236",N,hours
962,Kelly Petersen,215-37-0265,"762 Jefferson Roads Suite 629
East Roberttown, WY 24067",Y,miles
963,Jeremy Owen,748-05-1339,"29842 Deborah Springs Apt. 009
Port Christopherberg, VI 33526",Y,miles
964,Catherine Hanna,356-26-8558,"96016 Christopher Cliff Suite 637
Barryfurt, SC 04443",N,miles
965,Eric Chandler,141-64-9543,"61930 Kathryn Port Apt. 611
Lake Edwardview, PR 44473",Y,hours
966,Scott Adams,872-37-7637,"99118 Long Camp Suite 182
Yangtown, IA 72141",Y,miles
967,Damon Duncan,663-71-3580,"226 Holmes Crescent Suite 282
Gonzalezborough, WV 57119",N,miles
968,Patricia Edwards,448-20-0199,"26735 Jones Station Suite 842
Monicastad, WA 13068",Y,miles
969,Adam Cantu,809-77-3842,"38563 Hanna Haven
Micheletown, AR 10409",Y,miles
970,Nancy Ford,854-40-6480,"446 Lawrence Track
Jonesfort, PR 54171",N,hours
971,Amanda Daniels,087-34-8300,"4660 Bailey Views
Christophertown, TN 46243",N,miles
972,Parker Anderson,166-80-8284,"9085 West Burg Apt. 698
Rodriguezshire, IA 11711",Y,miles
973,Jerry Rivera,650-33-4809,"USNV Murphy
FPO AP 15586",Y,miles
974,Joshua Jones,512-56-4344,"061 Norris Pass Apt. 336
South Juliemouth, GA 50728",Y,hours
975,David Marquez,713-28-4030,"USCGC Cooper
FPO AA 32127",N,miles
976,Rebecca Williams,125-47-4284,"45829 Pamela Corner
Duncanside, GU 57802",Y,miles
977,Stacey Johnson,350-60-4891,"1669 Larsen Gateway Suite 900
South Nicole, SC 51645",Y,hours
978,Mark Castro,646-44-4798,"87463 Saunders Plaza
Lake Johnchester, MO 83627",N,hours
979,Corey Roberts,245-85-0831,"7117 David Bypass
East Tyler, AS 90075",Y,miles
980,Jessica Davis,022-90-4216,"233 Duncan Unions Suite 095
South Johnny, GU 56012",Y,hours
981,Lauren Gill,029-26-8490,"9307 Crystal Overpass Apt. 733
East Bradleyberg, AZ 84711",N,hours
982,Gregory Alexander,662-31-5713,"538 Mackenzie Point Apt. 289
Changside, VA 69511",N,miles
983,Steven Williams,222-05-6404,"9373 Martinez Mission
Richardmouth, OK 56104",N,miles
984,Denise Callahan,800-78-1518,"PSC 8656, Box 2494
APO AA 49353",N,hours
985,Matthew Hernandez,680-42-3632,"17634 Ryan Loaf
Mercedesborough, MH 56883",Y,hours
986,James Knight,840-20-9118,"8385 Lang Crossing Suite 150
Paulchester, WY 58508",Y,hours
987,Christopher Lewis,580-74-3000,"9046 Carter Key Apt. 417
West Rileyshire, LA 89850",N,hours
988,Kirsten Lopez,159-04-8728,"5685 Brandon Burgs Suite 572
Stephaniemouth, IL 23544",N,hours
989,Jimmy Walsh,532-69-3036,"8226 Lester Loop
East Jennifer, IA 76753",N,hours
990,Zachary Harmon,881-98-0260,"9219 Pamela Wall Apt. 341
West Peterfurt, WA 71058",Y,hours
991,Megan Rice,790-97-9662,"102 Christine Walks
Mitchellville, FM 73953",N,hours
992,Anthony Cunningham,099-61-8335,"02590 Michelle Springs Apt. 691
Suzanneview, MN 96192",Y,hours
993,Jessica Schmitt,146-09-9525,"9796 Castro Vista Apt. 241
Wagnerview, MO 67279",N,miles
994,Elizabeth Frederick,402-47-6511,"170 Ward Knolls Apt. 050
Millerview, AR 75535",N,hours
995,Jennifer Ponce,735-22-8548,"9098 Debra Camp
South Maryhaven, CT 04625",Y,hours
996,William Davis,573-46-4613,"675 Angela Trace Apt. 789
Port Tyler, PA 25631",N,miles
997,Jennifer Mason,011-11-8057,"14946 Jessica Islands Suite 183
North Jamesburgh, FL 01518",N,hours
998,Cindy Hampton,450-10-5286,"7264 Kelly Cape Apt. 141
Riceland, PR 89837",N,miles
999,Ronald Ellis,305-29-8773,"5975 Wilson Rapid
West Lisahaven, PR 09439",N,miles
1000,Jill Giles,210-15-9073,"61358 Parks Ranch Suite 772
Colemanhaven, WY 29038",Y,miles
1001,Kurt Fernandez,255-94-5408,"940 Kevin Roads
Hobbsfort, MP 92002",N,hours
1002,Jason Schaefer,616-83-8354,"54193 Shannon Point Suite 753
Jessicafurt, KS 68235",N,miles
1003,Lisa Osborn,415-27-8761,"6514 Torres Neck
Francisport, IA 93255",N,miles
1004,Brandon Grimes,820-75-6526,"95354 Nguyen Fields Suite 479
Owensland, MT 82985",N,hours
1005,Samantha Diaz,795-23-8992,"4622 Tonya Highway Suite 665
West Andrea, WY 57267",Y,hours
1006,Penny Nunez,724-08-1952,"998 Michelle Ferry
Lauraland, KY 87335",N,hours
1007,Stacie Robertson,318-47-4029,"01348 Griffin Rue
Sheilaside, SC 90251",Y,miles
1008,Nichole Baker,759-50-7568,"Unit 8003 Box 5154
DPO AP 22352",Y,miles
1009,Meghan Ford,704-74-0794,"384 Elizabeth Lake Suite 481
South Rhondabury, CA 29076",N,miles
